anio,temp_media,temp_min,temp_max,precipitacion,provincia
2004,12.582786885245902,6.797814207650274,18.37185792349727,0.00.00.00.00.01.4Ip0.00.00.20.00.00.00.00.30.60.00.00.00.00.00.00.00.00.00.00.00.00.00.00.0Ip0.00.00.00.00.00.012.40.00.10.20.00.00.00.00.10.72.4Ip0.00.00.00.00.00.00.00.00.00.00.00.00.00.03.71.50.00.00.00.70.00.00.00.00.00.00.00.00.00.00.00.00.00.00.00.00.00.00.00.00.00.00.00.00.00.00.0Ip0.03.30.20.50.00.00.20.00.00.00.06.913.13.510.30.00.01.70.011.710.46.9Ip0.21.30.02.621.85.60.00.00.00.00.00.00.00.00.00.00.00.00.00.00.00.10.2Ip0.00.00.00.20.08.10.40.212.41.51.70.00.00.00.00.20.0Ip0.00.00.00.00.00.00.00.00.00.00.50.00.0IpIp0.40.00.20.00.0IpIp0.00.00.0Ip0.00.0IpIp0.00.00.00.04.10.0Ip0.50.00.00.00.00.0Ip0.02.04.84.00.01.05.53.20.00.00.00.00.00.00.00.00.00.00.00.00.00.00.00.00.00.0Ip1.04.52.50.04.60.7IpIpIp0.00.00.00.00.00.10.00.00.01.50.18.56.60.00.00.00.00.00.00.00.00.00.02.00.90.00.00.02.311.43.23.513.30.60.00.00.00.00.00.0IpIp0.00.00.00.00.00.10.51.0Ip0.05.00.00.00.00.00.01.50.03.01.66.30.60.0Ip3.50.00.00.07.410.10.00.00.00.00.00.00.00.00.00.03.00.00.32.228.10.00.00.00.00.00.00.00.00.00.00.00.21.50.5Ip0.70.00.00.00.00.00.00.03.10.00.00.00.00.00.00.00.00.00.00.00.0,Valladolid
2005,12.833698630136986,6.624383561643836,19.03890410958904,0.00.00.00.00.00.00.00.00.00.00.00.00.00.00.00.00.00.00.00.00.00.00.00.00.00.0Ip0.00.00.00.00.00.00.00.00.00.00.00.00.12.60.00.00.00.00.00.0Ip0.00.00.00.00.00.00.00.00.00.00.00.00.00.00.00.00.00.00.02.90.00.01.1Ip0.20.00.00.00.00.00.00.00.00.00.00.00.00.0Ip0.00.00.00.00.00.00.00.00.00.00.00.00.00.21.622.24.514.40.00.00.12.80.05.712.15.03.50.00.00.00.013.810.50.212.82.1IpIp14.60.00.00.00.02.60.10.20.08.918.9Ip1.80.00.00.0Ip0.00.00.00.00.02.10.0Ip0.00.00.09.60.4Ip0.80.1Ip0.00.00.00.00.00.00.00.00.00.00.00.00.00.00.00.00.00.00.06.13.2Ip0.40.01.90.00.00.00.00.00.00.00.00.00.00.00.81.80.00.00.00.00.00.00.1Ip0.00.00.0IpIpIpIp0.00.00.00.00.00.00.00.06.21.80.00.00.00.00.00.00.00.0Ip0.00.00.0IpIp0.50.40.00.0Ip0.00.00.00.00.00.00.0Ip0.00.00.00.00.00.00.00.00.00.0Ip0.00.02.24.90.00.70.03.01.20.01.20.00.00.011.711.39.22.20.00.00.80.00.00.00.00.00.00.0Ip0.00.9Ip0.10.90.00.00.60.80.00.00.00.00.00.00.00.00.00.00.00.00.00.03.80.74.10.90.10.00.04.50.00.00.00.00.00.00.00.00.00.00.01.80.10.00.00.00.00.00.00.00.00.00.00.02.20.00.0Ip0.00.00.00.00.10.90.00.02.30.90.00.00.00.00.00.00.0,Valladolid
2006,13.503835616438357,7.621917808219179,19.383013698630137,0.00.00.00.0Ip0.00.00.00.00.00.00.320.10.02.40.00.3Ip0.30.00.00.00.00.00.00.00.00.00.00.00.00.00.00.00.00.00.00.00.00.00.00.00.00.00.00.025.00.50.80.00.00.00.00.00.00.00.00.00.00.00.00.00.00.00.00.00.00.00.00.00.11.10.00.00.20.00.00.00.00.00.00.08.30.00.84.40.00.00.00.00.93.60.02.51.80.70.00.30.09.20.00.20.60.00.00.00.06.58.22.94.53.40.047.01.05.81.40.00.00.00.00.00.00.00.011.814.21.20.01.20.40.00.00.00.00.00.010.65.11.10.72.00.01.1Ip12.619.10.8Ip0.70.30.00.00.22.70.50.46.31.43.80.00.00.00.0Ip0.00.00.00.0Ip0.00.5Ip0.00.00.00.00.00.00.00.00.3Ip0.00.00.00.00.01.313.90.90.0Ip0.00.00.00.02.112.00.50.30.00.00.00.00.0Ip0.20.00.0Ip9.00.00.00.00.00.00.00.00.00.00.00.00.00.00.00.00.00.00.00.30.46.40.00.90.40.00.22.622.29.90.00.00.00.00.78.6Ip0.00.00.00.70.00.00.00.00.00.00.0Ip5.07.02.00.31.94.8Ip0.00.01.30.00.5Ip0.00.00.00.00.24.416.40.60.05.50.00.00.00.03.85.718.60.80.00.00.52.80.00.00.00.00.00.00.00.00.00.0Ip0.90.78.20.00.00.00.00.00.00.00.00.00.00.0Ip0.00.00.00.00.00.00.00.00.00.00.00.00.00.00.00.00.00.00.00.01.20.019.20.0Ip0.00.27.23.829.8IpIp11.10.00.00.00.0Ip0.00.00.00.00.00.1,Valladolid
2007,12.259178082191784,6.393698630136986,18.125205479452056,0.00.00.00.00.00.00.00.00.00.00.00.00.00.00.00.50.00.00.00.00.01.30.50.00.00.00.00.00.00.00.00.00.00.00.00.00.00.00.00.00.00.00.00.00.00.70.00.00.00.00.0Ip0.00.00.923.00.0Ip0.00.00.00.00.00.00.00.00.00.00.00.00.00.00.0IpIp0.00.018.32.90.00.00.00.00.00.00.00.00.00.00.00.441.218.48.05.60.00.00.00.00.00.00.00.00.00.00.00.00.00.00.00.00.00.00.315.60.00.00.00.00.00.0Ip0.00.00.00.00.00.00.00.00.00.00.00.00.00.00.0Ip0.00.00.032.510.10.28.30.00.00.00.00.00.00.00.01.70.00.10.40.30.30.00.00.00.00.00.00.00.00.00.00.0Ip0.00.91.50.00.00.03.10.00.00.00.00.00.00.00.10.00.20.20.00.00.00.00.00.00.00.00.00.0IpIp0.0Ip0.23.25.9Ip0.10.00.00.00.07.6IpIp0.00.6IpIp0.00.16.08.20.2Ip5.23.34.30.00.05.00.80.03.61.20.80.43.50.00.00.00.80.00.00.00.01.50.02.82.50.00.00.00.00.00.00.00.00.00.00.0Ip0.0Ip0.00.00.00.010.30.00.00.00.4Ip0.2Ip0.70.90.30.00.0Ip0.42.20.52.91.40.00.00.00.00.0Ip7.60.0Ip0.00.520.917.50.61.72.02.70.03.20.40.00.10.00.00.00.00.00.00.0Ip0.00.00.00.00.015.222.62.56.520.110.22.07.2Ip0.00.00.00.00.00.00.00.00.00.00.022.14.40.00.00.01.617.00.019.71.60.00.20.00.00.00.00.00.00.00.00.00.00.0,Valladolid
2008,12.205737704918032,6.364207650273224,18.048907103825137,4.916.81.20.00.30.00.00.40.20.15.50.02.20.17.40.30.00.00.00.10.5IpIp0.00.00.00.00.00.00.00.01.30.99.60.0Ip0.00.00.00.00.00.00.00.00.20.00.0Ip1.12.68.70.00.00.00.20.0Ip14.10.00.00.00.00.00.00.00.00.00.00.10.20.00.00.00.0Ip0.02.2Ip0.00.00.02.0Ip0.00.00.20.00.00.00.90.00.00.00.00.00.00.012.75.312.517.7Ip0.01.70.00.05.214.40.76.32.01.61.2Ip0.00.00.00.00.01.90.00.00.00.012.10.00.01.414.615.515.70.00.00.5Ip11.01.50.022.02.20.03.37.69.05.113.01.45.27.21.01.711.74.10.00.00.05.00.00.00.30.58.70.50.00.0Ip0.712.00.00.00.00.0Ip0.28.50.00.00.00.00.00.00.00.0Ip0.00.00.00.00.00.00.00.00.0Ip0.00.00.00.00.00.00.00.20.00.00.00.00.00.00.00.00.00.00.00.00.00.00.00.00.00.00.00.00.0IpIp0.00.00.30.20.00.00.00.00.10.00.00.00.00.0Ip0.00.00.00.00.00.0Ip0.11.70.00.08.3Ip0.00.20.00.00.00.00.00.00.00.00.05.10.20.00.00.00.00.00.00.00.00.00.00.00.00.00.25.60.90.00.013.60.30.40.00.00.80.07.70.00.018.11.10.00.00.00.012.60.02.80.313.80.01.61.50.20.06.60.10.00.00.05.31.60.00.00.00.0Ip0.00.00.00.00.00.00.20.40.00.05.70.00.00.00.04.70.10.76.716.34.90.10.00.00.012.30.17.10.00.00.00.00.00.00.00.00.00.02.70.0Ip0.90.01.1,Valladolid
2009,13.462465753424658,7.284383561643836,19.64219178082192,0.03.70.20.00.0Ip0.0Ip2.8IpIp2.10.70.0Ip0.00.30.111.1Ip2.11.40.4Ip2.70.0Ip8.30.2Ip1.92.9Ip4.80.93.60.30.0Ip0.30.00.00.00.00.00.00.00.00.00.00.00.00.00.00.00.00.00.0Ip2.1IpIp2.30.3Ip0.00.00.00.00.00.00.00.00.00.00.00.00.00.00.00.00.00.00.00.00.0Ip0.00.00.00.00.00.00.00.0Ip0.00.05.52.30.0Ip2.64.31.90.4Ip2.10.00.00.00.00.00.00.10.00.00.50.00.10.00.00.00.00.00.00.00.30.31.32.40.00.00.00.00.00.00.00.00.00.011.3Ip1.54.0Ip0.00.00.00.00.00.00.0Ip1.40.20.52.01.71.60.00.00.00.94.40.01.40.0Ip0.00.00.00.00.00.00.00.00.04.80.00.00.00.00.00.00.00.00.00.00.00.00.00.00.00.00.00.00.00.00.0Ip0.01.3Ip0.00.00.00.00.00.00.00.014.60.00.00.00.00.00.00.60.00.00.00.00.00.00.00.01.40.00.00.00.00.00.00.00.00.00.00.00.00.00.00.00.00.00.00.00.00.00.00.00.00.00.00.00.00.02.12.00.40.00.00.00.00.00.00.00.00.00.00.52.70.00.00.0Ip0.30.05.30.00.00.00.00.00.00.00.00.00.00.01.020.433.40.00.00.00.00.00.00.00.00.00.01.50.00.0IpIp0.02.10.00.00.00.00.00.83.20.50.52.80.00.00.01.30.00.00.00.10.20.012.50.40.01.62.50.00.0Ip6.80.90.00.00.10.00.00.00.00.07.13.40.00.04.02.816.714.91.39.70.03.72.014.511.55.6,Valladolid
2010,12.607123287671234,6.849041095890411,18.361643835616437,0.7Ip8.19.30.90.00.20.1Ip1.12.013.018.10.00.65.31.20.20.20.00.0Ip4.31.60.00.0Ip0.00.00.0Ip0.00.01.01.50.20.03.32.30.00.00.00.00.0IpIp3.37.20.00.21.88.24.56.20.54.85.64.73.8Ip0.42.60.01.9Ip10.1Ip0.00.0IpIp0.00.00.00.0IpIp9.22.10.50.05.16.43.92.50.00.05.10.02.20.00.1Ip0.00.00.30.00.00.00.00.00.0Ip8.211.19.35.35.20.00.09.112.10.00.00.00.00.00.00.00.00.10.71.90.00.00.20.112.03.10.21.78.57.1Ip0.00.00.00.00.00.00.00.00.0IpIp0.00.1Ip0.00.00.00.00.00.00.00.00.00.00.919.66.19.81.10.00.03.93.70.00.00.00.00.00.00.00.00.5Ip1.90.00.00.00.09.60.00.00.00.00.0Ip0.00.00.00.00.00.00.00.00.00.00.00.00.00.00.00.00.00.00.00.00.00.00.00.00.00.00.00.00.00.00.00.00.00.00.00.00.00.00.00.00.00.00.00.00.00.00.00.00.00.00.00.00.0Ip0.80.00.00.00.02.6Ip0.00.00.00.00.00.00.02.36.51.80.00.00.00.00.0Ip0.00.00.00.00.00.00.00.00.010.60.00.00.00.32.011.80.41.10.00.00.00.00.00.00.00.00.00.00.00.00.00.00.00.00.013.04.82.00.00.00.00.00.00.00.01.10.50.00.00.06.01.20.09.10.70.011.00.00.00.00.00.00.00.00.00.00.83.00.06.80.01.019.410.79.012.3Ip0.00.00.45.00.00.00.00.00.0Ip14.69.911.63.40.00.00.00.00.00.01.00.0,Valladolid
2011,13.798082191780823,7.662465753424658,19.935890410958905,Ip0.10.015.82.118.0Ip2.4Ip3.8Ip0.00.00.00.00.00.20.00.00.00.00.00.00.00.00.04.90.80.01.80.00.00.00.00.00.00.00.00.00.00.00.00.04.41.90.06.8Ip4.11.11.4Ip0.00.00.00.0IpIpIp0.00.00.12.10.00.00.00.00.00.00.11.14.19.04.02.20.00.00.00.00.0IpIp0.711.85.61.63.1Ip0.00.00.01.45.00.00.00.00.00.00.00.00.00.00.00.00.00.00.00.14.47.221.90.4Ip0.00.00.10.00.03.02.55.30.00.00.00.62.60.00.00.00.03.40.00.00.00.00.0Ip23.70.00.00.00.00.00.0IpIp0.00.0Ip5.00.00.00.00.00.0Ip7.09.90.02.40.00.00.00.00.00.00.00.00.00.00.00.00.00.00.00.00.00.00.00.00.00.00.10.00.00.00.00.00.00.00.00.0Ip0.00.00.00.00.00.00.00.00.00.00.00.00.00.00.00.00.00.00.05.8Ip0.00.00.00.00.00.00.00.00.00.00.00.00.00.00.0IpIp2.84.10.00.00.00.00.00.00.00.00.01.2Ip0.00.00.00.00.00.00.00.00.00.00.00.0Ip0.0Ip0.00.00.00.00.00.00.00.00.00.00.00.00.00.00.00.00.00.00.00.00.00.00.00.00.00.00.00.00.00.00.00.00.00.00.0Ip11.10.80.17.3Ip0.00.00.04.40.323.613.70.10.0Ip0.00.58.30.60.20.0Ip2.15.4Ip0.01.54.9IpIp1.10.00.00.00.00.0Ip0.00.02.20.00.00.00.00.00.00.00.00.2IpIp0.60.10.00.80.00.00.00.00.00.00.00.00.00.00.00.00.00.00.0,Valladolid
2012,12.592349726775955,6.431967213114754,18.74863387978142,0.60.00.00.00.00.00.00.00.00.00.00.00.00.216.00.90.00.00.00.00.00.00.00.00.03.41.90.00.00.00.00.10.00.00.0Ip0.00.10.00.00.00.00.00.0Ip0.0Ip0.00.00.00.00.00.00.00.0Ip0.00.00.00.00.915.80.30.70.00.00.00.00.00.00.00.00.00.00.0Ip0.10.0Ip0.01.40.00.00.00.00.00.00.00.00.00.00.622.40.4Ip10.87.61.20.01.21.82.6Ip3.51.80.40.00.00.40.10.5Ip0.00.00.012.06.213.06.21.4IpIp0.68.84.60.40.06.92.20.00.00.00.00.00.00.00.00.00.61.0Ip0.00.00.00.00.00.00.00.00.00.00.01.29.20.00.00.0Ip0.00.00.0IpIp0.00.00.00.00.00.0Ip0.0Ip0.00.00.00.00.00.0Ip0.00.00.00.00.00.00.00.00.00.00.00.00.00.00.00.00.00.00.00.00.00.00.00.00.00.00.01.09.8Ip0.00.00.00.00.00.00.00.0Ip0.00.00.00.00.00.00.00.00.60.60.00.00.00.00.00.00.00.00.00.00.00.00.00.00.00.00.00.00.00.00.00.00.00.20.10.00.00.00.00.00.00.00.01.80.00.00.00.04.60.014.40.20.81.60.00.00.00.00.00.00.00.00.00.00.20.0Ip0.00.80.00.00.027.824.60.00.00.00.00.05.23.21.0Ip0.00.015.2Ip1.20.63.65.80.00.00.49.211.62.20.00.00.00.00.00.02.0Ip0.00.20.00.00.09.816.40.0IpIp0.0Ip0.00.00.40.00.0IpIp0.00.00.00.00.21.67.40.63.40.03.01.60.40.00.00.00.00.40.00.00.0Ip0.04.4,Valladolid
2013,12.193424657534248,6.4150684931506845,17.96767123287671,0.00.00.00.00.00.00.00.03.0Ip0.25.4Ip0.00.61.40.614.44.82.22.22.4Ip0.0IpIp3.80.00.00.00.00.60.00.00.00.0Ip0.00.00.01.6Ip0.00.00.00.00.04.00.00.41.26.29.40.0IpIp0.41.6Ip0.00.00.00.40.03.64.64.20.81.02.25.20.00.01.611.68.4Ip4.00.00.25.49.27.08.813.83.82.014.6Ip17.40.40.42.26.60.20.00.40.00.20.24.20.00.0Ip0.00.00.00.00.00.00.00.00.00.00.026.23.00.210.02.0Ip0.00.00.00.0Ip0.41.84.40.00.00.00.07.01.84.21.40.41.60.00.80.00.00.00.00.0Ip0.04.80.00.00.00.00.00.00.02.85.2Ip1.60.00.00.00.00.00.01.02.27.83.4Ip0.00.00.00.00.00.00.00.00.00.00.00.00.00.00.00.00.00.00.00.01.20.02.80.4Ip0.00.00.00.00.02.0Ip0.00.00.0Ip0.20.20.00.00.00.00.00.00.00.00.05.60.00.00.00.0Ip0.00.00.00.00.00.00.00.00.00.00.00.00.00.00.00.00.00.00.00.00.00.00.08.40.8Ip0.00.00.00.00.00.00.00.00.00.00.00.00.00.00.00.02.00.00.015.016.83.85.013.23.28.20.00.00.00.00.00.00.00.00.00.81.00.20.00.02.00.00.05.410.40.415.612.60.00.0Ip0.00.00.0Ip0.20.80.4IpIp0.00.80.00.00.00.00.00.02.21.21.60.00.40.00.00.00.0Ip0.00.00.00.00.00.00.00.00.00.00.00.00.00.00.00.00.01.82.20.00.00.01.03.82.00.00.00.20.425.82.82.66.30.00.08.40.2,Valladolid
2014,13.645479452054795,7.851506849315069,19.437260273972605,0.04.22.00.00.03.40.00.00.00.00.00.00.00.00.00.00.00.03.60.00.00.00.00.00.00.00.00.00.00.00.00.00.00.00.00.00.00.00.00.00.00.00.00.00.00.00.00.00.00.00.00.0Ip0.00.00.00.00.0Ip0.00.00.00.00.40.00.00.00.012.0Ip0.00.80.00.03.61.20.00.20.80.021.80.63.6Ip24.70.00.00.06.8Ip0.00.00.00.00.00.00.00.1Ip20.29.00.411.85.83.21.41.20.00.00.00.00.00.00.00.00.00.00.00.00.00.00.00.11.20.214.40.00.01.40.02.60.013.63.40.819.61.85.60.6Ip0.80.40.00.20.42.60.0Ip0.00.4Ip9.62.20.0IpIpIpIp0.00.00.00.00.00.0Ip2.92.80.4Ip0.00.20.20.00.00.00.00.0Ip0.00.20.40.00.00.07.818.05.49.20.23.12.40.00.00.00.01.40.41.62.0Ip0.44.81.60.012.80.00.00.00.0Ip0.07.50.0Ip1.2Ip1.40.67.42.43.28.41.410.02.03.81.40.85.40.00.00.0Ip0.02.20.2IpIp1.43.01.4Ip1.83.20.20.00.00.00.00.00.00.00.00.00.00.00.00.00.00.00.00.00.0IpIp0.02.63.00.00.0Ip2.60.2Ip1.82.20.42.40.40.00.00.00.0Ip0.00.00.0Ip0.00.00.00.03.20.6Ip0.00.40.80.80.40.00.00.00.00.00.00.00.00.00.00.00.00.00.00.00.00.00.00.00.00.00.0Ip6.48.65.40.00.00.0Ip5.80.60.00.0Ip0.00.00.00.00.00.00.00.00.00.00.0Ip0.00.00.00.00.00.00.00.00.00.210.41.20.20.00.0Ip0.0Ip,Valladolid
2015,13.372602739726029,7.22931506849315,19.51753424657534,0.00.00.00.00.00.00.00.00.00.00.00.00.00.00.40.0Ip0.00.00.00.00.00.00.00.00.00.00.00.09.21.20.00.00.00.00.00.00.00.00.00.00.0Ip0.00.00.00.00.00.00.00.00.2Ip0.60.00.00.00.00.00.40.411.20.00.00.00.00.00.00.00.00.00.0Ip0.04.60.013.04.4Ip0.00.00.00.00.00.00.00.00.40.00.00.02.40.00.02.02.85.83.40.00.00.00.66.83.40.00.00.00.02.810.4Ip0.00.00.00.00.00.012.43.81.4Ip0.0Ip0.833.61.211.00.20.00.00.00.00.00.00.20.00.20.00.00.00.20.22.00.0Ip0.00.00.00.00.00.00.00.00.00.00.00.00.00.00.20.60.00.00.00.03.80.20.00.00.00.0Ip2.40.00.00.20.10.00.00.08.60.01.20.00.00.00.00.00.00.00.00.00.00.00.00.0Ip0.05.00.00.85.00.20.7Ip0.00.00.00.00.00.00.01.68.80.00.63.02.4IpIp0.40.40.00.00.00.00.01.21.60.02.40.00.00.04.60.00.0Ip0.00.00.20.00.00.00.00.00.00.00.00.00.00.00.00.00.00.00.00.00.0Ip0.6Ip1.6Ip2.66.4Ip0.0Ip0.00.00.00.00.00.00.00.00.00.00.00.00.25.610.60.0Ip0.00.25.62.4IpIp0.00.00.211.40.00.27.65.82.01.40.00.21.6Ip6.01.40.00.0Ip0.00.00.00.00.00.00.00.00.00.00.00.00.00.00.00.00.00.00.00.00.00.00.00.00.00.00.00.80.02.20.00.08.230.67.40.0Ip0.84.20.00.00.00.00.0Ip0.411.80.00.00.00.00.00.00.0,Valladolid
2016,13.018032786885248,7.075409836065574,18.954371584699455,0.00.00.08.0Ip0.60.00.00.00.00.00.00.00.00.00.00.00.00.00.00.00.00.00.00.00.00.00.00.00.00.00.00.00.00.00.00.00.00.00.00.00.00.00.00.00.00.00.00.00.00.00.00.00.00.00.0Ip0.00.00.00.00.00.00.00.00.00.00.00.00.00.00.00.00.010.40.80.70.00.00.00.00.00.00.00.00.40.00.00.00.00.00.00.00.00.00.00.00.00.00.00.00.00.823.83.80.00.00.20.20.00.00.01.07.011.60.20.00.00.00.00.00.00.00.00.00.215.615.20.00.00.80.20.00.00.20.00.00.00.00.00.00.214.2Ip0.04.20.20.62.60.00.00.00.00.00.02.20.60.00.00.00.00.00.00.00.00.06.40.43.60.00.0Ip0.0Ip0.00.00.00.00.00.00.00.00.00.013.80.411.032.40.09.43.811.016.417.60.20.01.03.80.00.02.60.60.00.21.40.80.20.00.00.21.27.4IpIp0.00.00.00.00.00.06.8IpIp1.01.27.34.81.20.4IpIp2.80.00.00.00.00.00.04.20.211.40.0Ip0.00.00.00.02.20.02.61.2Ip0.40.00.00.00.00.00.00.00.05.48.8IpIp0.00.00.0Ip5.4Ip2.60.06.01.00.07.08.63.40.00.00.00.0Ip2.41.43.6Ip12.44.415.60.80.47.41.61.20.44.80.00.00.00.60.20.00.00.00.00.00.04.64.41.43.24.01.41.43.80.80.0Ip0.00.00.00.00.0Ip0.00.00.40.00.00.02.40.60.00.00.00.0Ip0.00.0Ip0.00.00.00.00.00.00.0Ip2.01.0Ip0.00.00.00.00.00.00.00.00.00.00.00.00.0,Valladolid
2017,14.2586301369863,7.378630136986301,21.136438356164383,0.00.00.00.00.06.623.8Ip0.00.00.00.00.00.00.00.00.00.00.00.00.00.00.00.00.00.00.00.00.00.0Ip0.00.00.00.00.00.00.00.00.00.00.00.00.00.40.00.00.00.00.00.00.00.00.00.00.00.63.4Ip0.41.60.00.00.00.00.00.00.00.00.00.00.00.00.00.00.00.00.00.20.00.00.00.00.00.0Ip0.00.00.00.00.00.00.00.00.00.00.00.00.00.00.00.00.00.00.00.0IpIp3.21.40.0IpIp0.00.00.00.00.00.00.00.00.00.00.08.40.2Ip0.00.00.0Ip0.00.00.00.00.00.00.00.00.00.00.00.00.0Ip1.88.60.20.00.00.0Ip0.0Ip0.00.00.00.00.02.4IpIp13.6Ip0.0Ip0.20.80.00.00.00.00.00.00.00.00.00.27.2IpIpIp0.02.20.00.0Ip0.00.00.00.00.00.00.00.00.00.00.00.00.00.00.00.00.00.00.00.00.00.05.22.80.21.80.20.69.26.24.24.6Ip0.21.60.00.00.00.42.82.40.20.00.00.01.00.00.00.00.00.00.00.00.0IpIp0.00.01.6Ip0.60.00.00.00.00.00.0Ip0.00.00.00.00.00.00.00.00.21.2Ip0.20.8Ip1.2Ip0.0Ip0.60.00.00.00.00.00.00.00.00.00.00.00.00.00.00.00.00.00.0Ip0.00.00.00.01.20.00.00.00.00.45.40.00.00.00.01.80.00.00.03.210.63.28.6Ip0.00.00.011.40.60.00.0Ip0.00.00.00.4Ip0.00.20.0Ip0.00.01.60.00.00.00.00.00.00.00.00.00.40.00.00.00.00.00.0Ip0.00.00.00.00.03.60.00.8IpIp0.0,Valladolid
2018,13.369315068493153,7.653150684931507,19.07972602739726,IpIp0.0Ip8.45.67.60.03.61.20.00.04.80.00.00.00.00.00.00.0IpIp0.0Ip11.20.00.00.00.00.00.00.00.00.4IpIpIp0.00.0Ip0.0Ip0.04.00.60.20.0Ip0.00.00.00.00.00.00.00.00.024.013.43.44.220.28.67.2Ip0.20.629.82.61.44.61.012.84.24.60.80.02.80.00.00.03.80.00.2Ip0.00.00.82.20.00.00.65.60.80.07.03.44.811.87.60.03.03.00.86.80.00.00.00.00.0Ip10.20.00.00.01.40.00.0IpIp0.0Ip0.00.00.00.01.8IpIp0.00.00.0Ip0.00.00.013.413.0IpIp0.20.01.422.48.6Ip0.83.60.20.00.00.40.0Ip2.210.20.07.28.26.814.69.6Ip0.00.00.00.00.00.00.016.4Ip0.00.00.00.00.20.06.80.22.62.40.00.00.00.0IpIp0.00.00.0Ip0.0Ip0.00.00.00.010.20.05.80.00.00.00.00.00.00.00.00.00.00.00.00.00.00.00.00.00.00.00.00.00.00.00.00.00.00.00.00.00.00.00.00.00.00.00.00.00.00.00.00.00.00.00.20.00.0Ip0.011.612.80.00.00.00.00.00.00.00.0Ip0.00.00.00.00.00.00.00.01.20.00.00.00.00.00.00.00.00.00.00.00.0IpIp0.20.01.4Ip1.40.00.0Ip0.00.00.00.00.00.00.0Ip0.20.25.013.00.2Ip0.00.017.82.43.80.44.40.25.87.65.20.00.00.00.00.02.44.82.80.69.0Ip3.24.60.60.00.013.80.00.00.00.00.00.00.00.00.00.00.00.07.80.22.08.61.80.00.81.00.20.00.00.00.00.00.00.00.00.00.00.0,Valladolid
2019,13.705479452054794,7.46027397260274,19.948493150684932,0.00.00.00.00.00.00.00.00.00.00.00.00.00.00.00.0IpIp10.00.00.00.40.00.00.00.00.00.01.66.07.20.2Ip0.00.00.00.00.00.00.0Ip0.00.00.00.00.00.00.00.20.60.00.00.00.00.00.00.00.00.00.00.0Ip0.00.810.01.20.00.00.00.0Ip0.00.00.00.00.00.00.00.00.00.00.00.00.00.00.00.00.00.00.00.0Ip0.03.80.60.45.6Ip2.81.20.00.00.00.06.60.04.07.6Ip0.00.01.45.011.80.80.00.00.00.00.00.00.00.00.00.00.03.2IpIpIp0.00.00.00.00.01.40.0Ip0.00.00.00.00.00.00.00.00.00.00.00.00.00.00.00.00.40.02.60.00.00.00.00.00.00.00.00.00.00.00.0Ip1.40.00.00.0IpIp0.00.00.00.00.0Ip0.0IpIp0.00.00.01.40.00.00.0Ip14.20.00.00.00.00.00.00.00.05.46.40.0IpIpIp0.00.00.00.00.00.00.00.00.00.0Ip0.00.22.00.00.00.00.00.00.00.00.00.00.00.00.00.00.04.212.20.00.00.00.00.00.00.00.00.00.00.00.00.00.00.00.00.03.22.21.00.037.20.00.04.810.60.00.0Ip0.00.00.00.00.00.00.00.00.00.00.00.00.00.00.00.00.80.00.04.0Ip6.49.6Ip12.21.6Ip15.016.4Ip0.00.00.00.00.21.4Ip2.40.60.41.20.40.21.0Ip0.4IpIp6.82.61.60.0Ip1.20.00.45.05.410.60.03.00.23.4Ip4.43.46.85.80.00.00.00.00.00.01.00.01.00.2Ip0.0Ip0.00.40.06.031.811.45.22.00.00.00.00.00.00.00.00.00.0,Valladolid
2020,14.151366120218578,8.049453551912569,20.25054644808743,0.00.00.00.00.00.00.01.27.80.00.25.40.00.00.00.00.00.00.00.00.80.00.00.00.00.00.00.00.0Ip0.00.00.00.00.00.00.00.04.60.0Ip4.40.00.00.00.00.0Ip0.00.00.01.60.00.00.00.00.00.00.00.00.00.00.00.00.00.00.00.00.00.00.00.00.00.00.05.80.00.611.014.08.61.00.01.60.00.00.00.00.00.00.00.07.22.4Ip0.40.00.00.00.00.00.00.00.00.00.00.00.00.00.019.020.63.06.60.0Ip4.80.00.20.20.00.00.00.00.60.04.20.49.40.47.44.00.00.00.00.01.00.40.00.00.00.00.00.00.00.00.0IpIp0.00.00.00.00.00.02.80.00.0Ip1.20.02.05.00.80.0Ip4.00.02.20.04.81.80.60.00.0Ip0.00.00.05.00.00.00.0Ip0.00.00.00.00.00.00.00.00.00.00.00.00.00.20.84.0Ip2.4Ip0.0Ip0.0Ip1.41.00.00.87.82.43.60.60.00.00.00.00.00.00.02.20.00.0IpIp0.00.00.00.0Ip0.00.00.00.00.00.00.00.00.00.00.00.212.82.2IpIp2.00.00.00.00.00.00.00.00.00.03.27.8Ip0.00.00.03.0IpIp0.00.00.00.00.0IpIp3.44.40.40.00.011.21.22.20.014.09.01.41.83.43.08.25.61.4IpIp8.00.80.0Ip17.018.40.41.00.00.40.40.00.00.0Ip0.00.012.03.211.60.04.214.03.62.20.00.00.00.00.00.00.00.00.00.00.0Ip0.00.00.0Ip3.80.00.08.40.00.05.20.00.00.00.00.03.00.00.00.01.00.00.00.00.00.00.00.82.01.00.00.00.00.00.0,Valladolid
2021,13.52054794520548,7.372328767123288,19.66164383561644,0.0Ip0.00.0Ip0.00.00.00.00.00.00.00.00.00.00.00.00.00.00.00.00.00.00.00.00.00.00.00.00.00.00.00.00.00.00.00.0Ip0.00.00.00.00.00.00.00.00.00.00.00.00.00.00.00.00.00.00.00.00.00.00.03.01.812.20.00.00.00.00.00.00.00.00.00.019.210.2Ip0.00.00.00.03.00.0Ip6.69.25.20.00.00.00.00.00.04.20.60.00.00.00.00.00.00.00.00.00.00.00.05.20.00.20.0Ip0.00.00.00.00.00.00.00.611.65.48.40.00.60.00.00.40.00.00.00.00.00.00.00.00.00.00.00.00.00.00.03.013.018.811.40.60.20.20.00.00.00.60.00.00.60.01.47.2IpIpIp0.00.0Ip0.00.00.00.00.00.00.40.2Ip4.40.23.013.80.00.00.00.00.00.20.0Ip0.00.00.00.02.01.80.00.00.00.00.00.00.00.00.0Ip0.89.0Ip2.81.24.00.20.00.04.6IpIpIpIp7.211.03.23.24.64.615.4Ip6.00.00.00.00.00.20.00.40.00.09.80.00.00.00.00.00.03.81.00.20.0Ip0.00.00.40.00.00.0Ip0.00.00.00.00.00.00.00.00.00.00.00.00.00.00.00.00.0Ip0.00.04.63.00.00.00.00.0Ip2.45.613.00.00.04.20.00.00.00.00.01.35.012.0Ip0.00.00.20.80.65.20.81.21.02.8Ip0.00.00.00.00.06.83.60.2Ip0.60.00.0Ip0.00.00.00.00.00.00.00.00.00.0Ip0.21.4Ip2.43.20.00.20.00.00.00.00.00.00.00.00.21.00.67.86.48.62.4Ip4.21.0Ip0.00.00.00.00.00.00.00.0,Valladolid
2022,14.736438356164385,8.372876712328766,21.102465753424656,0.00.00.00.01.80.00.00.00.00.00.00.00.00.00.00.60.00.00.00.00.00.00.00.00.00.00.00.00.00.00.00.0IpIp0.00.00.00.00.00.21.00.00.00.00.00.00.00.00.00.00.00.00.00.02.20.00.00.00.05.40.00.00.00.00.00.00.00.00.0Ip0.00.0IpIp7.40.60.00.00.00.00.00.00.00.00.0Ip0.00.00.00.09.20.00.00.00.00.00.00.00.00.00.22.40.00.00.00.00.05.84.60.019.810.25.64.6Ip0.20.2Ip0.00.08.45.24.40.02.20.60.00.00.00.26.0Ip0.00.0IpIpIp5.22.60.60.00.05.63.88.02.05.80.00.05.40.00.00.00.00.00.0Ip7.0Ip1.49.63.216.42.47.036.65.00.20.00.00.03.617.81.4Ip0.00.09.60.00.00.419.20.2Ip0.00.00.01.67.00.00.00.00.00.00.00.00.00.00.00.00.00.00.00.00.00.00.00.00.00.00.00.00.00.00.00.00.00.00.00.00.00.00.00.00.00.00.01.90.20.00.00.00.00.00.00.00.00.00.00.00.80.00.00.60.014.60.20.00.01.8Ip0.40.8Ip10.60.02.00.00.0Ip0.00.00.43.20.20.01.80.40.00.00.45.01.81.40.00.00.00.00.00.00.00.80.00.011.06.20.20.00.00.00.02.23.20.01.819.02.40.00.00.213.00.20.00.00.00.4Ip0.00.00.00.00.00.00.00.01.00.00.80.00.00.00.00.00.04.40.00.00.00.00.00.00.0Ip0.00.00.00.00.010.00.00.00.00.00.00.0IpIp0.00.07.81.2IpIp0.0IpIp1.40.8Ip0.00.00.00.00.00.0,Valladolid
2023,14.40876712328767,8.22986301369863,20.585753424657536,0.02.40.00.00.00.00.00.00.00.00.00.00.00.00.00.00.00.00.00.00.00.00.00.00.00.00.00.00.00.00.00.00.00.00.00.00.00.00.00.00.00.00.00.00.00.00.00.00.00.00.00.00.00.00.0Ip0.00.00.00.00.00.06.60.060.42.00.00.00.20.00.00.40.02.00.0Ip0.65.22.40.00.00.23.60.00.00.00.00.00.00.00.00.00.00.00.00.00.00.00.00.00.00.00.00.00.40.04.21.23.813.814.60.0Ip4.21.46.21.26.02.48.814.60.00.211.63.00.84.00.2Ip0.47.20.06.80.60.20.0IpIp0.00.00.00.00.00.00.00.00.00.00.01.00.44.628.80.00.02.2Ip0.00.413.4Ip0.60.00.04.00.00.00.00.00.00.00.40.00.00.00.00.00.00.00.00.01.81.4Ip6.40.00.00.00.00.010.01.80.01.81.60.00.00.61.60.4IpIpIp5.00.00.00.0Ip0.0Ip0.00.00.00.00.00.00.00.00.00.00.00.00.00.00.00.00.00.00.00.00.00.00.20.00.0Ip0.49.40.00.0IpIpIp0.00.00.00.02.01.20.28.22.20.00.00.0Ip0.00.00.03.40.20.00.00.00.00.0IpIp0.00.00.00.00.00.00.00.00.00.00.00.00.00.00.00.00.00.20.40.00.00.00.00.00.00.04.00.00.00.00.00.00.00.0Ip0.00.00.0Ip0.00.0Ip0.00.0Ip0.00.02.20.0Ip0.00.00.00.00.00.00.40.00.80.04.83.64.40.82.24.20.61.2IpIpIp0.24.25.03.00.40.05.06.20.00.00.00.04.4Ip11.60.04.20.00.00.00.00.00.00.00.00.0,Valladolid
2024,14.171857923497267,8.196448087431694,20.14234972677596,0.010.60.83.80.00.00.0IpIp2.60.00.05.08.29.422.61.64.0Ip0.00.0Ip0.00.00.00.00.00.00.00.00.00.00.00.00.00.00.0Ip12.016.60.40.40.00.40.09.80.00.00.00.00.0Ip1.00.02.22.40.00.00.00.6Ip9.60.61.00.00.08.413.80.60.80.00.00.01.4Ip0.00.00.00.00.00.00.00.00.00.03.61.211.65.07.42.61.61.80.00.00.00.26.44.20.00.00.00.00.00.00.00.00.00.00.00.00.00.00.00.00.60.85.20.40.01.84.20.20.0Ip4.80.00.00.00.00.00.00.04.00.40.07.40.2Ip6.81.06.60.00.00.00.00.00.00.00.00.00.00.00.00.00.00.00.4Ip1.0Ip0.00.00.00.00.00.00.0Ip1.89.827.20.00.00.00.05.40.0Ip38.62.00.00.00.00.00.00.60.00.0IpIp0.00.00.00.02.4Ip0.00.00.00.00.00.00.00.00.00.00.00.00.04.20.00.00.00.00.00.00.00.00.00.00.00.00.00.00.40.00.00.00.00.00.00.00.00.00.00.00.00.00.06.02.40.05.00.00.00.00.00.80.00.00.00.00.00.00.00.00.00.00.00.00.01.25.21.20.00.00.20.22.80.00.00.00.0Ip9.21.20.00.020.29.80.80.60.00.81.00.0Ip23.63.40.20.00.00.00.00.00.04.8Ip0.61.60.213.61.01.00.00.00.0IpIp0.00.00.0Ip1.20.00.02.2IpIp0.00.00.00.00.02.00.20.014.43.00.00.00.00.00.01.80.20.40.00.00.00.00.00.00.00.00.20.40.00.00.00.22.8Ip0.00.00.00.00.00.00.00.00.00.00.00.0,Valladolid
2004,13.405737704918034,8.779234972677596,18.03032786885246,2.24.42.00.20.00.00.00.00.00.00.00.00.01.20.00.00.42.40.00.00.00.00.00.00.00.00.00.00.00.00.00.00.00.00.00.01.21.61.47.60.00.44.60.08.44.60.80.00.00.01.41.20.20.00.00.62.80.67.80.00.00.00.00.00.00.00.00.01.80.20.00.00.00.01.25.68.40.23.20.00.00.00.00.00.00.05.80.40.02.20.00.00.00.22.48.40.00.02.00.20.00.00.00.015.01.82.60.00.41.41.06.212.61.00.00.00.02.40.40.00.00.00.00.00.00.00.00.00.06.60.00.00.05.40.03.80.00.00.00.00.00.00.00.00.025.00.00.80.00.00.00.00.00.00.00.04.80.00.00.00.00.00.00.00.00.00.00.00.00.00.00.00.00.06.80.00.00.01.00.00.00.00.00.00.24.80.00.00.00.00.00.00.00.00.00.02.00.00.00.03.61.023.25.20.00.00.62.01.20.00.00.00.00.00.01.02.40.00.00.00.00.00.00.00.00.00.00.00.00.00.00.610.86.60.03.025.416.00.022.20.00.00.00.00.00.00.00.00.00.00.00.00.00.00.00.00.00.00.00.00.00.00.00.00.00.00.00.00.00.00.00.60.01.60.00.09.00.22.00.60.010.00.20.00.00.80.41.00.20.00.07.26.60.20.00.00.00.00.00.43.614.26.00.01.20.00.00.00.00.00.00.00.00.00.00.00.00.00.02.60.00.010.46.60.40.00.00.00.00.00.00.00.00.00.00.00.02.03.60.45.60.20.00.00.00.06.84.40.42.42.60.00.0,
2005,13.368767123287672,8.215068493150685,18.527671232876713,0.00.40.00.00.00.00.00.00.00.00.00.00.00.00.00.00.02.24.40.00.00.00.01.08.82.60.00.80.00.00.20.20.00.00.00.02.40.00.00.00.00.00.04.42.61.80.40.00.02.02.61.46.80.00.00.00.00.00.00.00.00.00.03.20.60.00.00.00.00.00.00.00.00.00.00.00.00.00.01.60.02.60.00.00.00.00.01.80.00.00.02.00.04.00.00.04.84.00.03.20.60.00.06.21.01.20.40.82.80.82.80.23.20.60.00.00.00.00.00.00.00.00.00.00.00.00.00.06.25.64.01.20.20.00.02.61.40.00.00.00.00.00.00.00.00.00.00.02.20.00.00.00.00.00.00.00.00.00.00.00.00.00.04.00.00.00.00.00.00.40.60.02.00.00.20.00.00.60.00.00.00.00.00.00.00.00.00.00.00.00.00.00.00.00.00.00.00.00.00.00.00.00.00.00.00.00.00.00.00.00.00.00.00.00.00.00.00.00.00.00.03.00.00.00.00.00.02.00.00.00.02.40.00.00.00.00.00.00.60.00.00.04.20.00.00.00.00.05.80.00.02.40.00.80.20.00.00.01.00.00.00.00.00.00.00.00.00.00.00.00.00.00.00.40.00.00.00.00.00.00.00.20.46.615.421.40.00.40.04.03.80.03.40.013.40.00.00.00.00.08.00.05.20.00.00.05.40.20.00.00.04.41.60.00.018.413.21.423.82.80.00.00.00.00.00.00.00.05.20.60.00.01.00.02.00.20.00.21.40.40.03.60.00.00.00.00.00.00.00.20.60.00.00.00.00.00.00.00.02.40.00.625.80.06.2,
2006,14.352876712328769,9.263013698630138,19.446027397260274,2.04.20.40.80.00.62.40.06.00.00.00.00.00.00.00.20.40.00.00.00.00.00.00.00.00.00.00.00.00.00.00.00.00.00.00.00.00.00.00.00.00.00.00.00.00.00.00.21.21.24.61.40.00.20.09.48.20.00.00.00.00.00.87.40.80.40.03.65.48.20.00.00.00.00.04.41.65.80.02.41.82.80.00.00.00.00.00.80.00.00.00.00.00.21.41.40.00.06.00.20.00.00.00.40.026.88.20.00.20.07.60.20.00.00.00.00.20.20.00.00.00.02.60.03.45.80.00.00.00.01.64.20.00.00.00.00.00.00.00.00.00.00.00.00.00.00.00.00.00.00.00.00.00.00.00.00.00.00.02.20.00.00.00.00.01.819.00.00.051.00.00.00.02.211.00.20.00.00.00.00.00.80.00.00.00.00.00.00.00.00.00.00.00.00.00.00.00.01.812.80.00.00.00.00.00.00.015.20.00.00.00.00.00.00.00.20.00.00.00.00.00.00.00.00.00.00.08.41.60.80.00.00.00.00.00.00.00.00.00.00.00.00.00.00.00.00.00.00.40.00.00.08.23.20.23.61.61.20.00.00.00.00.01.00.00.06.80.00.00.00.00.00.60.04.80.60.00.01.60.00.00.02.01.60.00.00.00.00.02.81.23.82.40.05.20.00.00.00.00.00.00.00.00.00.00.00.05.00.00.00.20.00.00.00.00.00.00.00.03.80.00.02.00.422.80.00.00.00.00.00.00.60.00.00.02.41.20.64.60.25.60.00.80.00.00.00.00.00.00.01.20.00.40.00.00.00.00.00.00.00.00.00.00.00.0,
2007,13.412328767123288,8.344657534246576,18.48219178082192,0.00.00.00.00.00.00.00.00.00.00.00.00.00.00.60.20.00.00.00.00.09.01.22.02.20.00.00.00.25.60.00.00.00.01.62.60.211.017.21.40.00.67.80.01.20.00.812.82.00.86.80.20.26.00.02.60.01.40.00.00.00.00.00.00.227.00.20.00.00.00.00.00.00.00.00.00.015.435.810.40.40.40.00.02.010.60.21.04.00.45.82.81.01.40.01.20.00.00.60.00.02.23.80.00.00.00.00.00.00.00.00.00.00.08.427.01.22.00.022.012.20.01.80.02.80.00.00.00.00.00.00.00.00.40.00.00.00.02.610.40.00.05.80.02.41.42.40.00.00.01.60.00.00.00.00.00.00.00.018.44.40.00.00.01.80.04.81.60.00.04.60.00.00.00.00.00.00.00.00.00.00.00.00.00.00.00.00.60.00.00.00.00.00.00.00.00.60.00.00.00.00.00.00.20.00.00.00.00.00.00.00.00.00.00.00.00.00.00.00.00.00.00.00.00.00.01.40.00.00.00.00.00.20.64.20.03.40.00.00.00.00.00.00.00.00.00.00.00.00.00.00.00.00.00.00.00.00.01.23.00.00.00.01.21.60.00.00.00.00.00.00.00.01.02.20.00.00.00.03.80.00.00.00.00.00.00.00.00.00.00.00.04.20.00.00.00.00.00.63.80.00.00.00.00.00.00.00.00.00.00.00.00.00.02.20.60.00.00.02.26.80.03.61.20.00.00.00.00.00.00.01.80.00.00.00.00.00.03.00.21.20.20.00.00.00.00.01.00.00.00.00.20.20.00.00.00.20.00.00.00.20.0,
2008,13.170491803278688,8.220491803278689,18.12459016393443,0.00.00.00.00.00.00.00.00.00.00.417.80.00.00.00.00.00.03.00.00.00.02.20.00.00.00.00.00.00.00.00.00.00.00.06.02.00.00.00.00.00.00.00.01.80.05.60.00.00.00.02.60.00.00.00.00.00.00.00.00.00.00.00.00.00.41.80.00.00.09.60.01.40.00.00.00.00.00.00.20.00.00.00.00.00.00.00.00.00.00.00.00.00.00.00.00.00.014.40.60.00.00.80.00.00.00.00.01.00.20.00.07.80.00.00.00.00.011.63.01.63.67.00.831.63.80.00.60.21.00.00.00.05.21.62.40.00.00.00.00.60.20.00.00.80.611.00.40.00.00.20.00.010.00.01.20.40.012.02.014.23.83.40.00.07.21.21.00.62.40.00.00.00.00.00.00.00.03.40.00.01.00.60.00.00.40.40.00.80.00.01.80.00.02.80.00.00.01.83.81.00.00.00.00.00.00.00.00.00.00.00.00.00.00.02.20.05.00.40.00.00.00.00.00.00.00.00.00.00.00.00.00.00.40.00.00.00.00.00.00.07.00.00.00.00.00.010.00.00.00.00.01.03.80.00.00.00.00.00.01.68.40.20.05.22.28.20.80.02.20.20.00.04.60.20.40.00.00.00.00.04.00.81.615.21.00.07.40.60.01.80.40.60.60.80.20.04.80.00.00.00.00.00.00.00.00.00.06.80.01.812.45.430.416.00.00.012.20.23.84.66.83.00.00.08.45.89.60.24.42.83.03.61.43.434.44.21.00.00.00.00.00.01.615.26.05.60.00.00.02.05.20.00.00.00.00.20.013.00.00.04.40.00.00.00.0,
2009,13.942541436464088,8.541160220994476,19.34475138121547,8.60.00.00.00.00.00.00.00.00.00.00.00.00.00.00.00.00.00.00.00.00.00.00.00.00.00.00.00.00.00.00.00.00.01.60.00.00.00.00.00.00.00.00.00.00.00.80.40.00.00.00.00.00.00.60.00.00.00.00.00.80.00.00.00.00.00.00.00.00.00.00.00.00.00.02.87.617.621.00.60.40.00.00.00.00.00.00.00.00.00.00.00.00.00.00.00.01.40.00.00.00.00.00.00.00.00.00.00.04.210.86.80.20.00.00.00.00.00.00.00.016.60.00.44.61.82.81.20.60.00.00.00.00.00.00.00.00.00.00.00.00.00.00.20.00.03.40.82.80.46.20.20.00.03.00.00.00.00.00.00.00.00.00.413.21.80.60.00.00.02.65.84.09.63.61.48.69.03.00.40.00.00.00.00.20.40.00.40.40.00.00.01.20.00.00.00.00.06.00.84.43.00.00.40.411.810.02.40.40.03.20.01.20.01.84.00.62.01.00.00.21.00.00.00.00.00.00.00.00.00.00.00.00.00.00.00.00.00.05.00.00.07.017.02.60.00.00.00.00.00.00.00.00.00.00.00.00.00.00.00.00.00.00.00.00.01.00.00.00.00.00.00.00.00.04.61.00.03.68.60.20.20.02.40.01.00.00.20.00.00.00.00.00.01.80.63.20.00.03.00.00.00.00.00.00.00.00.07.00.01.40.00.00.00.00.00.00.00.00.20.00.00.011.62.20.20.00.00.00.00.00.00.00.00.21.40.00.40.00.80.00.00.00.03.20.28.84.60.40.00.00.00.00.00.40.00.00.014.20.02.4,
2010,13.427692307692308,8.223692307692307,18.635384615384616,0.03.20.00.00.00.00.00.00.00.00.00.00.00.00.00.00.02.00.00.00.00.00.00.00.00.00.00.00.00.00.00.00.00.00.00.00.00.00.00.00.00.00.00.00.00.00.00.00.00.00.00.00.00.00.00.00.00.00.00.00.00.00.00.03.03.00.00.00.00.00.00.00.00.05.04.40.00.011.60.00.00.00.20.20.00.00.00.00.00.02.20.00.00.00.00.07.83.60.20.00.00.00.00.20.20.00.00.00.00.00.01.60.00.00.00.03.20.010.22.40.00.00.00.02.20.80.00.00.80.00.00.00.00.00.01.85.89.22.00.00.00.00.00.00.00.00.46.02.80.20.00.82.21.40.00.01.43.43.60.00.60.00.01.00.00.00.85.81.00.00.20.00.81.24.03.60.00.00.03.40.20.20.06.40.40.02.20.00.00.00.00.41.60.00.20.00.40.00.00.00.60.00.60.00.02.62.40.00.00.00.00.00.00.00.60.00.00.00.00.00.00.00.00.03.40.00.01.41.20.20.00.05.22.61.80.00.00.00.20.20.00.00.00.00.00.00.20.01.00.80.20.00.00.20.80.00.00.00.00.00.01.83.60.01.88.61.80.60.22.02.42.80.03.41.63.02.80.20.00.00.00.00.00.00.00.04.60.00.00.00.00.00.00.00.00.00.00.00.20.20.01.09.01.45.01.60.00.00.87.60.00.02.40.00.00.00.00.00.021.214.80.00.00.0,
2011,14.335068493150686,8.813424657534247,19.855342465753424,0.04.00.80.00.00.00.00.00.00.00.04.60.00.00.01.60.04.20.20.00.00.00.00.00.00.00.00.00.00.00.00.40.00.00.00.00.00.00.00.00.00.00.00.00.00.00.00.03.40.01.00.80.00.00.01.20.20.00.00.00.00.82.212.84.60.00.00.00.00.00.00.00.00.00.00.00.05.60.00.00.00.00.00.05.40.00.00.00.00.00.00.00.00.00.00.00.00.00.60.00.00.00.00.00.00.00.00.00.00.02.60.00.00.00.00.00.00.05.40.00.00.04.20.40.42.614.29.81.80.40.02.20.00.00.00.06.40.00.00.00.00.00.00.20.60.00.00.00.00.00.00.00.03.62.20.00.00.80.00.00.00.00.01.00.60.00.00.011.00.20.60.00.80.00.00.20.00.00.00.00.60.00.00.00.00.00.08.00.80.20.00.20.20.00.00.00.00.00.00.00.00.20.60.00.00.00.00.00.00.00.26.81.21.00.00.00.00.00.00.00.00.00.00.00.00.00.01.81.81.60.80.00.04.20.210.20.80.00.00.00.86.64.20.20.21.00.00.00.00.00.00.00.00.00.00.00.811.24.80.40.00.00.00.00.00.01.00.00.64.00.25.60.00.00.00.05.60.00.00.00.00.00.00.00.00.00.00.00.00.00.00.01.49.04.00.28.47.60.00.00.00.00.05.85.20.00.00.20.24.87.20.00.00.05.00.20.00.00.00.00.00.00.00.00.00.00.00.01.80.00.00.04.81.20.00.00.00.00.00.011.40.20.03.60.00.00.00.00.00.00.00.00.00.00.00.00.00.00.00.00.02.80.00.00.0,
2012,13.868852459016392,8.414754098360657,19.32185792349727,0.00.00.00.80.00.00.00.00.00.00.00.00.00.00.00.00.00.00.00.00.00.00.00.00.014.65.00.00.00.00.00.00.00.00.07.20.00.00.00.00.00.00.00.00.00.00.00.00.02.00.00.00.00.00.00.00.00.00.00.00.00.00.00.00.00.00.00.00.00.00.20.00.00.00.00.00.00.00.00.20.00.00.20.00.40.04.60.00.024.84.00.00.00.00.00.00.00.00.00.00.020.29.20.20.07.20.00.40.01.82.88.28.60.00.01.00.42.03.00.60.00.00.00.00.03.26.40.00.80.41.88.23.20.40.20.00.00.00.02.20.00.00.20.00.00.00.28.63.41.224.41.00.00.00.03.00.20.00.00.60.40.00.00.00.03.61.40.00.80.01.80.00.00.00.00.00.00.00.00.00.00.00.01.21.40.00.00.00.00.00.00.00.00.00.00.00.00.00.83.00.00.00.00.00.00.00.00.00.03.20.41.81.40.00.20.80.00.00.89.80.80.00.00.00.00.00.05.43.21.00.00.00.00.00.00.00.00.00.00.00.00.00.00.00.00.00.01.60.00.00.20.40.00.00.00.00.00.00.01.40.20.00.00.22.40.00.00.00.00.00.00.00.00.00.00.00.00.40.23.63.60.40.00.26.20.00.26.01.63.60.00.80.03.80.64.40.00.00.00.40.62.48.20.80.20.40.07.21.60.80.00.84.40.00.00.00.00.00.00.00.00.03.619.81.80.00.20.00.00.00.00.00.00.00.04.82.40.00.00.00.00.00.00.00.44.20.80.00.00.00.00.011.40.80.00.00.00.00.00.00.00.00.00.00.0,
2013,13.09010989010989,8.175274725274726,18.004395604395604,0.00.00.00.00.00.00.00.00.00.00.05.00.00.40.035.20.00.00.00.80.01.80.00.00.00.00.20.00.00.00.00.00.00.00.00.00.03.80.00.00.00.00.00.00.00.00.00.00.00.00.00.00.00.00.00.00.00.00.00.00.00.00.00.00.00.07.623.40.00.00.00.00.00.00.00.00.00.00.20.00.00.00.00.00.20.00.00.00.80.20.62.80.615.00.00.00.00.00.00.00.00.00.00.21.60.20.00.00.00.00.00.00.00.01.04.60.00.01.61.20.20.01.60.64.05.60.00.00.00.40.00.00.00.00.64.06.00.210.03.02.60.66.40.60.80.40.00.00.00.00.02.20.00.00.00.00.00.00.00.00.00.00.00.04.60.00.00.00.44.85.80.40.00.00.06.60.80.01.60.00.00.00.01.21.00.00.00.00.00.00.01.20.00.01.25.85.85.43.44.23.25.61.20.01.23.40.62.60.018.40.00.00.00.04.68.40.00.02.012.016.69.20.21.41.41.60.00.00.00.00.40.00.00.06.04.40.40.61.01.60.00.40.00.00.01.40.00.23.42.20.00.01.28.80.41.20.00.84.00.00.40.00.00.40.00.011.215.62.80.023.23.01.89.80.80.00.00.21.40.00.00.00.00.60.00.07.80.00.00.00.00.00.00.00.00.00.00.01.80.04.69.60.22.80.60.00.00.00.00.00.03.20.00.00.00.01.60.20.87.84.40.00.01.80.00.00.00.07.44.20.61.40.00.00.00.00.00.00.01.622.418.42.60.00.00.00.00.00.00.00.031.03.81.40.20.00.00.00.00.00.00.00.00.0,
2014,14.318767507002802,9.000560224089636,19.63781512605042,0.01.80.66.00.20.00.00.00.00.00.00.80.21.81.00.00.05.20.22.85.40.00.22.40.02.24.80.40.43.02.21.60.01.00.40.00.80.40.24.60.00.00.20.00.00.00.00.00.00.00.00.00.00.00.01.40.42.85.212.25.01.81.20.40.00.00.00.00.00.00.00.00.00.00.00.00.00.00.01.02.40.27.213.26.80.00.00.00.00.00.00.00.00.00.00.00.00.00.04.20.00.00.00.00.00.00.00.017.82.80.20.04.25.20.63.20.01.40.20.00.00.00.00.00.00.00.00.00.00.00.00.00.00.00.00.00.00.04.80.00.00.20.20.08.00.01.06.28.40.00.00.00.00.00.00.00.00.00.00.03.20.00.00.00.00.00.00.00.00.04.82.68.02.40.00.23.05.60.00.04.20.00.00.40.00.40.00.00.00.00.00.00.00.82.20.00.00.04.40.00.00.00.20.00.00.00.00.00.00.00.00.00.00.40.00.00.00.40.00.00.00.00.00.00.00.00.01.40.00.00.00.00.00.00.00.00.00.00.00.00.00.00.03.20.20.00.00.40.01.07.41.80.01.40.80.63.018.011.00.00.00.00.00.01.20.00.00.00.00.00.00.00.00.06.411.81.22.01.42.20.03.40.00.00.00.00.00.00.00.00.00.00.00.00.00.00.00.00.25.08.00.40.00.20.00.60.40.08.01.00.411.60.00.00.00.00.00.00.00.05.40.00.243.633.00.62.60.00.00.02.43.40.00.81.60.00.00.02.28.42.23.00.00.00.00.00.00.00.00.20.40.012.62.20.00.00.0,
2015,13.98935574229692,8.634173669467787,19.34453781512605,0.00.00.00.00.00.00.00.00.00.00.00.00.00.00.41.80.05.60.20.06.04.20.00.60.00.00.20.00.017.614.88.84.65.81.24.60.80.00.00.00.00.00.00.07.41.63.40.60.00.05.81.60.61.010.80.83.61.00.00.01.40.80.20.00.00.00.00.00.00.00.00.00.00.00.00.03.60.45.05.210.630.83.04.81.20.00.00.00.00.00.00.00.00.00.00.00.00.00.04.80.00.00.00.00.06.00.00.00.00.00.01.20.00.00.42.01.00.20.00.00.40.00.40.00.00.00.00.00.00.00.00.00.00.00.00.00.00.00.00.60.00.00.00.00.00.00.00.00.00.00.00.00.00.00.00.20.00.00.06.422.47.60.05.00.40.00.00.00.00.00.00.09.80.00.00.00.00.00.00.00.00.00.00.00.00.00.00.00.00.00.00.00.00.20.00.00.05.61.00.00.019.60.00.00.00.00.00.00.02.02.43.60.00.05.80.00.00.00.40.20.00.00.00.06.80.00.00.00.00.00.00.00.013.00.00.00.00.00.00.00.03.67.81.010.00.20.00.00.00.00.00.00.00.00.40.00.02.00.42.00.00.00.00.00.00.20.00.00.00.00.00.00.00.00.00.00.60.00.20.00.00.00.00.856.40.00.00.00.02.22.011.00.00.00.00.00.00.00.21.00.00.00.00.00.00.00.00.00.00.00.00.00.0,
2016,13.868032786885246,8.610928961748634,19.12404371584699,3.45.212.46.60.01.60.80.00.00.00.00.00.81.410.621.02.60.00.00.00.03.20.02.21.20.419.215.00.00.00.40.80.00.00.01.63.40.00.80.00.00.01.80.60.00.20.22.810.00.00.02.01.82.40.00.80.20.00.44.80.80.21.20.06.00.00.07.22.60.04.01.40.40.00.00.00.01.60.00.00.00.00.01.04.80.40.60.40.00.41.80.20.00.00.00.00.00.00.02.02.20.00.00.00.00.05.60.80.00.00.00.02.00.00.00.00.00.00.00.00.00.00.00.20.62.29.20.00.00.00.00.00.00.20.00.00.00.00.00.00.00.00.04.20.013.20.20.00.00.00.00.00.00.00.00.00.00.00.00.80.00.20.00.00.00.00.00.00.00.00.00.00.00.00.00.00.00.00.80.00.00.00.00.00.02.20.00.00.00.00.00.00.00.00.00.00.40.00.00.00.00.00.00.00.00.00.00.00.00.00.00.00.01.20.80.211.20.61.00.00.00.00.00.00.00.00.00.00.00.00.01.40.00.00.00.00.00.00.00.00.00.00.04.21.60.00.00.00.40.00.00.00.60.00.80.40.00.00.00.00.00.00.00.00.00.08.220.00.61.61.40.00.00.00.60.20.20.00.00.00.00.01.81.217.633.60.00.00.00.00.00.00.00.00.00.60.80.00.00.21.00.20.00.00.00.20.20.01.20.00.00.01.01.00.20.00.00.00.00.00.00.00.00.0,
2017,14.469421487603304,8.55840220385675,20.37961432506887,0.00.00.00.00.00.00.00.02.82.80.20.01.68.89.29.60.00.00.00.00.00.20.00.00.00.00.00.00.00.00.00.23.64.04.81.61.85.61.60.00.00.83.40.40.00.00.00.00.00.00.00.00.00.00.00.00.00.03.40.00.01.60.43.20.20.00.00.00.00.04.40.20.00.00.00.00.00.00.00.00.20.03.219.60.00.40.00.00.00.40.00.60.00.00.00.00.00.00.00.00.00.00.00.00.00.00.00.00.00.00.00.00.01.04.20.00.00.01.22.60.00.00.00.02.00.00.00.05.06.05.63.00.20.00.00.03.013.80.00.00.00.00.00.00.01.40.06.40.84.80.00.01.811.814.40.00.00.03.40.00.00.00.00.00.00.00.00.00.01.60.00.01.00.00.06.40.02.40.20.40.00.00.00.00.00.00.20.08.82.40.00.00.00.00.00.00.00.06.00.00.00.00.00.00.00.00.00.00.00.00.00.00.00.00.00.00.00.00.00.00.00.00.00.00.00.00.00.00.00.00.00.00.00.00.20.00.00.012.415.00.811.80.00.00.00.00.00.00.00.00.82.40.00.00.00.00.00.00.01.60.20.00.01.00.00.00.00.00.00.00.00.20.00.40.00.00.00.00.00.00.00.00.00.00.00.00.00.00.02.015.00.00.02.20.00.00.00.00.00.00.00.00.00.00.00.00.81.21.81.20.04.00.60.40.01.00.60.00.00.00.00.00.00.00.00.00.210.80.20.00.00.00.43.214.41.20.40.00.00.00.00.00.61.85.40.01.23.02.80.80.21.60.00.00.00.00.00.03.07.00.41.60.40.04.8,
2018,14.042739726027396,8.922739726027398,19.163013698630134,0.00.00.05.20.01.229.63.80.00.00.00.034.60.02.20.00.00.40.00.60.00.00.00.00.00.00.00.00.00.00.00.00.00.00.00.00.00.00.00.00.00.00.00.00.00.00.00.00.00.00.00.00.00.00.00.00.00.00.00.00.00.00.00.00.05.23.00.00.012.60.00.00.00.00.00.00.00.09.80.00.00.00.00.00.00.00.00.00.00.00.00.00.00.00.00.00.00.01.80.20.20.00.80.00.06.00.00.00.00.00.20.00.00.00.00.00.01.01.04.64.21.421.69.00.00.04.46.80.40.02.41.60.60.20.80.00.00.00.00.01.46.413.40.66.00.09.04.80.40.00.03.40.00.40.01.20.20.00.00.00.00.00.00.00.89.40.018.23.80.00.00.00.00.00.00.00.00.00.00.00.00.00.00.00.60.40.00.015.625.21.00.00.00.65.00.25.20.00.00.00.00.00.00.00.00.00.00.014.011.21.00.00.00.00.02.00.62.43.61.40.20.00.22.03.01.20.00.41.00.00.00.20.22.43.40.80.00.00.00.00.01.67.81.03.80.20.00.60.00.00.00.00.00.01.80.46.42.40.80.20.43.64.20.00.03.80.83.00.00.05.00.80.20.00.00.40.60.40.00.87.60.08.626.47.80.02.80.615.80.00.00.00.00.00.01.00.00.00.00.00.60.24.40.00.01.00.00.00.00.03.60.00.00.02.20.61.00.00.00.00.00.00.03.00.00.08.68.83.23.01.60.45.813.82.69.60.20.81.00.20.00.00.00.60.00.40.00.00.00.00.00.00.00.00.00.00.00.00.00.00.00.00.26.419.8,
2019,14.281369863013698,8.535068493150685,20.027671232876713,0.00.00.00.00.00.00.09.20.20.00.00.013.40.00.01.20.20.00.00.01.80.00.00.04.20.41.20.00.00.02.20.00.00.00.00.00.00.00.03.03.20.00.00.00.00.00.00.00.00.00.00.00.00.00.00.011.00.00.00.00.00.00.00.00.00.00.00.00.00.00.615.00.00.00.00.213.20.028.80.00.011.22.60.00.00.00.00.00.00.00.00.00.00.00.00.00.00.00.00.00.00.00.00.60.00.80.00.40.00.02.84.20.010.69.20.20.00.00.00.00.00.00.20.64.60.22.44.44.24.09.67.615.23.814.67.65.69.20.02.41.20.00.40.25.00.21.20.02.04.65.80.09.81.40.40.00.00.00.00.03.00.40.02.07.20.80.00.00.00.20.07.67.41.80.00.00.00.00.00.00.00.00.00.00.00.00.00.00.00.00.00.00.20.00.00.20.00.00.00.00.00.05.22.20.210.61.02.20.20.00.45.03.815.05.220.814.82.00.00.00.00.00.00.02.60.00.00.00.00.00.00.00.00.00.00.00.00.00.00.00.00.00.00.00.00.00.00.02.60.00.00.00.00.00.00.00.00.00.00.01.81.60.00.00.00.00.00.00.00.00.00.00.01.00.00.00.20.04.02.82.00.24.00.20.00.00.00.012.40.05.425.81.00.80.00.01.612.40.00.00.00.00.00.00.00.81.40.00.00.00.00.00.00.00.00.00.00.00.021.20.00.80.00.00.00.011.60.20.00.00.00.00.00.00.00.00.00.010.61.60.60.00.20.04.00.80.00.00.00.00.00.00.00.022.20.00.00.00.00.00.00.00.00.06.2,
2020,14.345081967213115,8.96448087431694,19.726502732240437,0.00.00.00.00.00.00.00.05.00.00.00.00.00.00.00.00.015.80.00.08.60.00.00.03.40.00.20.07.00.02.20.00.00.00.00.00.00.02.20.00.20.60.00.00.00.00.02.40.00.00.00.00.00.00.00.20.00.00.00.08.22.80.80.08.64.61.00.00.00.00.00.00.00.026.432.20.20.20.00.00.01.00.40.00.00.00.00.00.00.05.48.80.00.00.00.41.00.20.05.01.46.40.00.01.82.42.80.67.80.00.04.00.20.00.61.03.60.20.00.01.40.20.00.01.00.00.00.03.62.23.40.029.22.60.01.00.00.00.00.00.00.00.00.00.00.00.00.00.00.00.01.20.04.010.40.20.07.81.00.00.00.07.87.20.00.00.07.60.00.00.00.00.00.00.03.62.00.00.00.00.08.81.00.00.00.00.00.00.00.014.20.02.20.40.00.00.00.00.00.00.00.00.40.00.00.00.00.00.00.00.05.40.00.00.00.00.00.00.029.40.20.00.61.45.40.00.00.00.03.40.00.00.00.00.00.00.00.00.00.00.01.60.00.00.00.00.00.00.00.00.00.00.00.00.00.00.02.60.00.07.45.08.60.60.00.00.02.00.05.80.00.00.00.04.03.40.03.60.00.00.00.00.00.02.62.00.23.00.20.00.00.00.01.00.03.60.20.03.00.00.20.00.00.00.00.01.40.00.00.217.00.00.00.20.00.01.40.40.26.00.00.00.00.00.00.00.00.00.00.00.00.00.00.00.00.20.86.20.80.09.68.09.63.812.81.41.40.02.60.00.00.00.22.00.40.60.01.60.20.80.26.40.20.40.02.4,
2021,13.86473829201102,8.609917355371902,19.118181818181817,10.42.44.00.00.00.00.00.07.20.00.00.00.00.00.20.00.00.00.00.00.60.04.09.817.20.60.00.01.80.00.60.00.02.00.21.46.42.60.04.20.21.23.60.00.00.00.60.00.00.00.011.62.60.00.00.00.00.00.00.00.00.00.00.00.00.00.00.00.04.00.40.00.00.00.01.22.45.20.00.00.00.00.00.00.00.00.00.00.00.00.00.00.00.00.00.00.05.60.62.61.60.00.00.00.00.00.00.00.00.62.40.00.02.24.03.06.05.46.20.20.00.24.40.00.00.00.00.01.01.60.00.812.80.00.01.60.00.00.00.00.00.00.00.00.00.00.00.00.80.03.810.00.032.21.80.00.00.00.00.00.00.00.00.021.617.221.414.89.40.00.02.00.60.00.00.00.00.00.00.00.00.00.00.00.00.04.60.20.00.00.00.00.40.00.00.00.00.00.00.00.00.00.00.00.00.00.00.00.00.00.00.00.00.02.80.00.00.00.00.00.20.00.00.00.00.00.00.00.00.00.00.00.00.00.00.00.00.00.00.00.028.22.48.20.00.00.00.00.00.04.02.00.00.00.20.60.00.06.60.00.01.60.00.00.05.20.60.00.00.00.00.00.05.63.00.00.00.00.00.00.00.00.00.00.00.00.00.20.20.00.00.00.00.00.00.00.00.00.01.610.43.09.80.25.80.20.21.40.00.00.00.00.00.00.00.00.40.80.00.00.00.00.01.421.422.00.61.21.026.426.63.80.04.83.00.46.414.80.04.24.616.43.80.60.00.00.00.00.00.00.00.00.00.00.00.21.20.05.00.00.00.00.00.0,
2022,15.11753424657534,9.296438356164384,20.93890410958904,0.00.00.04.40.00.00.41.07.81.40.00.00.00.00.00.00.00.00.00.00.00.00.00.00.00.00.00.00.00.01.40.00.00.00.00.00.00.00.00.00.20.00.00.40.80.00.00.00.00.00.00.00.00.00.00.00.00.60.02.81.012.20.00.00.01.60.80.80.00.65.00.05.00.06.25.80.00.00.00.20.00.02.80.00.00.00.00.00.20.86.60.40.00.00.00.00.02.20.00.01.60.60.00.00.00.00.011.24.82.20.00.02.60.00.03.06.40.80.00.00.05.40.00.00.00.00.00.00.00.03.60.00.03.80.00.00.00.00.00.00.00.00.00.00.00.00.00.00.00.00.00.00.00.00.00.00.00.00.00.00.00.80.20.00.00.00.40.00.00.00.00.00.02.20.00.00.00.00.00.00.00.00.01.00.02.20.40.00.00.00.00.00.00.00.00.00.00.00.00.00.00.00.00.00.00.00.00.00.00.00.00.00.00.43.00.00.00.00.07.20.00.00.80.00.00.00.00.00.00.00.00.00.00.00.04.60.00.00.02.61.00.00.00.00.00.00.00.00.00.00.00.00.00.05.00.20.20.00.00.00.00.00.00.00.00.01.00.00.00.00.01.01.60.00.00.00.00.00.00.00.00.21.624.60.00.00.00.02.60.00.01.00.00.00.20.00.00.00.00.00.00.00.20.00.00.20.00.40.00.00.00.40.20.00.00.00.00.40.81.43.84.01.61.48.64.00.813.40.60.05.80.00.00.00.00.02.00.03.60.00.25.02.80.01.219.24.21.00.60.40.00.00.03.00.20.00.00.00.00.00.00.412.00.20.0,
2023,15.312637362637362,9.777747252747252,20.837637362637363,0.60.00.00.00.00.05.85.80.00.04.60.00.01.22.28.49.26.42.60.00.20.00.00.00.40.20.60.00.00.00.00.00.00.00.00.00.01.00.00.00.00.00.00.00.00.00.00.00.00.00.00.211.410.40.00.20.20.00.20.00.00.00.00.00.00.02.20.00.00.00.00.00.00.00.00.61.60.00.00.00.00.02.00.00.00.00.00.00.00.00.60.00.00.00.00.00.00.00.00.00.02.21.40.60.00.00.00.00.00.02.60.214.80.00.00.00.00.00.00.00.00.00.00.00.00.00.00.05.00.00.00.40.01.20.00.00.00.00.00.40.00.00.00.00.20.00.00.00.05.60.20.06.210.20.00.80.00.00.23.00.09.20.40.00.00.00.019.26.018.611.869.80.00.00.00.00.00.00.00.00.00.00.00.00.00.00.08.60.00.00.00.00.00.00.00.00.00.00.00.00.00.00.00.00.00.00.01.40.00.00.00.00.00.00.00.00.00.00.00.00.00.00.00.00.00.00.00.00.00.00.00.00.00.00.00.00.00.00.20.60.00.00.019.812.20.036.40.00.00.00.03.41.60.20.00.00.01.60.01.20.00.00.05.60.00.00.00.00.00.00.00.00.00.00.00.00.00.00.00.00.00.00.00.00.01.80.22.80.00.20.23.20.00.012.84.42.20.21.40.00.014.00.00.02.23.49.00.20.00.00.05.40.05.84.20.00.00.40.00.20.00.00.00.03.81.20.00.00.00.00.20.60.225.21.60.20.04.20.00.06.60.60.00.00.01.61.02.00.00.00.00.00.60.20.00.00.00.00.00.00.00.00.20.00.0,
2024,14.78434065934066,9.516208791208792,20.048351648351648,0.00.00.00.05.60.20.00.00.00.00.00.00.00.00.00.00.00.00.00.00.00.00.00.00.00.00.00.00.00.00.00.00.20.00.00.00.00.00.00.00.00.00.45.00.00.00.00.00.00.00.00.00.00.00.00.00.00.00.48.81.88.80.022.81.01.412.60.00.00.40.00.00.00.40.00.00.00.00.00.00.015.220.81.00.00.00.00.01.60.00.00.01.224.20.00.00.27.82.00.02.80.00.01.80.00.00.429.612.40.00.00.00.00.00.01.012.210.00.00.05.27.00.00.00.00.00.00.00.00.05.40.02.40.01.20.00.00.00.00.00.00.00.05.60.00.00.08.60.00.00.00.00.00.01.65.40.00.60.02.224.21.40.20.00.00.00.00.00.00.01.22.82.20.23.42.40.00.00.00.00.00.00.00.00.01.00.25.61.85.21.80.00.00.80.00.00.02.61.40.60.20.80.00.00.00.00.00.00.00.00.00.00.00.00.00.00.00.00.00.00.00.00.66.00.20.00.00.00.06.80.20.00.00.00.00.09.80.85.60.42.07.60.06.60.21.00.00.01.60.40.81.20.00.00.00.00.00.00.00.00.00.00.00.00.00.03.20.00.24.02.00.02.20.00.00.00.00.00.00.03.40.00.00.00.00.00.00.00.00.00.00.00.00.00.00.00.00.04.43.61.00.03.81.00.40.40.23.20.00.00.00.00.00.60.016.412.83.01.47.23.215.60.60.00.20.00.00.00.00.00.00.00.00.00.00.00.00.00.00.00.07.80.20.00.00.00.00.00.00.00.00.04.89.20.00.00.00.07.41.00.00.00.00.0,
2004,25.723287671232875,16.171232876712327,35.272602739726025,0.00.00.00.00.00.90.00.00.00.00.00.00.00.00.00.00.00.00.00.00.00.00.00.00.00.00.00.00.00.00.00.00.00.00.00.00.00.00.00.00.00.01.00.00.00.00.00.00.00.00.00.00.00.00.00.00.00.00.00.00.00.00.00.00.00.00.00.00.00.00.00.0,
2005,22.616410256410255,14.104102564102565,31.127692307692307,0.00.00.00.00.00.00.00.00.00.00.00.00.00.00.00.00.00.00.00.00.00.00.00.00.00.00.00.00.00.00.00.00.00.00.00.00.00.00.00.00.00.00.00.00.00.00.00.00.00.00.00.00.00.017.75.00.00.00.00.00.00.00.01.90.00.00.00.00.00.00.00.00.00.00.00.00.00.00.014.152.611.711.60.90.00.010.60.20.00.20.19.60.00.00.00.00.00.00.08.60.72.60.00.00.00.03.80.02.60.20.10.00.00.00.80.00.00.00.00.00.015.10.40.82.60.00.00.00.00.00.00.00.00.00.00.814.21.40.00.00.00.00.00.00.00.00.00.00.00.00.00.00.00.00.00.00.00.00.40.00.00.00.00.00.00.00.00.00.00.00.00.00.00.00.00.0,
2006,18.01555555555555,10.546666666666669,25.482592592592592,0.00.00.00.00.00.00.00.00.00.00.00.00.00.00.00.00.00.00.00.00.00.00.00.00.00.00.00.00.00.00.00.00.00.00.08.20.00.70.00.00.00.00.00.00.00.00.00.10.00.00.00.00.00.00.00.00.00.00.037.312.08.28.30.40.00.00.00.00.00.013.27.50.00.00.02.20.00.00.00.00.00.00.01.316.90.90.00.00.00.00.60.10.05.30.00.00.00.01.60.10.012.50.00.00.00.00.00.00.00.00.00.00.00.60.00.00.00.00.00.00.00.00.00.00.00.00.06.50.00.06.00.00.00.00.00.110.30.20.00.00.00.00.00.00.00.00.01.215.01.11.10.00.00.00.00.60.00.00.00.00.50.01.70.00.00.00.02.90.014.73.60.00.00.00.00.00.00.00.00.00.01.10.00.00.00.00.00.00.00.00.210.50.00.012.40.00.00.00.00.00.00.00.09.73.13.10.00.00.00.00.30.00.00.00.00.00.00.00.00.00.00.00.00.00.00.00.00.00.00.023.93.40.00.00.00.00.00.00.00.80.00.00.00.00.00.00.00.00.00.00.00.00.00.00.00.0,
2007,15.75204678362573,7.968421052631578,23.60406976744186,0.00.00.00.00.00.00.00.00.00.00.00.00.50.00.00.10.04.51.20.00.00.00.00.00.00.00.00.00.00.00.00.00.00.00.00.00.00.00.00.00.00.00.00.00.00.00.00.00.00.00.00.00.00.00.00.00.00.00.01.62.80.09.59.50.20.21.35.03.40.90.00.00.00.00.00.00.00.00.00.00.00.00.00.00.00.00.00.00.00.00.00.00.00.00.00.00.00.00.00.00.00.00.00.30.11.00.011.51.81.31.40.13.82.31.40.00.30.00.00.00.00.00.00.80.40.00.00.00.00.00.00.00.00.00.00.00.00.19.20.20.00.00.00.00.00.00.00.00.00.00.00.00.00.00.00.00.00.0,
2008,19.54,11.161691542288557,27.8715,0.00.00.00.00.00.00.00.00.00.00.00.00.00.00.00.01.50.00.00.00.00.00.00.00.00.00.00.00.00.00.310.320.70.00.00.07.91.40.00.00.00.00.00.00.00.00.00.00.02.99.50.04.30.00.00.00.00.00.00.00.00.00.00.00.00.00.00.04.643.044.48.10.60.00.00.00.07.515.23.329.40.50.30.00.00.00.07.80.00.01.30.60.01.84.70.00.00.00.00.00.00.00.00.00.00.00.00.00.00.00.00.00.00.00.00.00.00.00.00.00.00.00.00.00.00.00.01.10.00.00.00.00.00.00.00.00.00.00.00.00.00.00.00.00.00.00.00.00.00.00.00.00.00.00.00.00.00.00.00.00.00.00.00.00.00.02.70.00.00.220.10.10.00.00.00.00.00.00.70.00.022.92.20.02.510.20.02.50.60.00.00.50.114.40.00.00.00.00.00.00.0,
2009,17.385714285714286,9.40575221238938,25.47422222222222,0.00.00.00.00.00.80.00.00.00.00.39.20.70.015.63.20.05.21.30.10.10.13.52.514.10.52.59.422.51.30.00.50.70.90.00.00.00.00.00.00.00.00.00.00.00.00.00.00.00.00.00.00.08.06.93.71.30.00.00.00.00.00.00.00.00.00.00.00.00.00.00.00.00.00.00.00.00.020.60.02.90.00.00.00.00.00.00.519.33.93.016.40.00.00.00.00.00.00.00.00.00.00.00.00.00.00.00.00.00.00.00.00.00.00.00.00.00.00.00.00.00.01.33.20.00.00.00.00.00.00.00.00.00.00.00.00.01.20.00.00.00.00.00.00.00.00.00.00.00.00.00.00.00.00.00.00.00.00.00.00.00.00.00.00.00.00.00.00.00.00.00.00.00.00.00.00.00.00.00.00.00.00.00.00.00.00.00.00.00.00.00.00.00.00.00.00.00.00.00.00.00.00.00.00.00.00.00.00.00.00.00.00.00.00.00.20.00.00.00.00.00.00.00.10.00.00.21.90.00.019.90.00.55.60.00.00.00.00.00.20.00.00.00.01.00.00.15.20.043.20.17.946.2,
2010,18.56026490066225,11.14983498349835,25.880065359477125,0.10.00.00.00.14.90.00.00.01.10.01.30.70.00.00.00.00.00.00.08.19.80.40.00.311.20.18.00.23.92.51.012.018.11.311.00.32.925.611.820.80.07.81.60.06.60.012.756.10.02.10.01.50.00.00.20.02.80.00.00.03.53.10.00.00.06.70.00.00.00.00.00.00.00.00.00.00.00.00.00.00.00.50.410.40.09.30.10.04.00.60.00.00.00.00.00.00.00.00.00.40.00.00.00.01.82.05.81.60.70.00.00.00.00.00.00.00.00.00.00.00.00.00.30.00.00.00.00.00.00.00.00.00.025.610.14.68.52.20.22.20.00.00.00.00.00.00.00.00.00.00.00.00.00.00.00.00.00.00.00.00.00.00.00.00.00.00.00.00.00.00.00.00.00.00.00.00.00.00.00.00.00.00.00.00.00.00.00.00.00.00.00.00.00.00.00.00.00.00.00.00.014.91.00.50.70.00.00.00.00.00.00.00.00.00.00.00.00.00.00.00.00.00.00.00.00.00.00.00.00.00.00.04.70.00.03.011.80.00.11.20.10.00.00.00.00.00.00.20.04.50.30.00.00.00.030.42.32.80.10.00.00.00.01.01.51.22.11.10.10.61.159.50.60.70.10.00.20.40.60.23.56.10.71.33.50.40.78.80.86.524.71.35.20.50.00.052.043.548.80.60.00.00.00.00.00.00.25.056.315.67.51.40.00.80.20.00.00.014.07.4,
2011,18.759696969696968,11.072727272727272,26.47886904761905,0.12.20.10.40.70.00.10.00.00.00.20.00.00.10.00.10.01.10.26.44.85.30.40.00.00.00.20.00.10.00.00.00.00.10.010.211.930.417.70.30.05.61.00.00.10.00.00.00.00.03.80.00.01.20.60.00.00.05.83.40.010.41.51.13.10.00.00.00.00.00.00.10.10.00.00.00.00.00.00.00.00.00.00.07.60.00.00.00.00.00.00.00.00.00.00.00.00.00.00.00.10.016.89.411.00.12.10.00.01.820.23.71.89.10.00.00.00.00.00.00.00.00.00.00.040.43.30.10.00.00.00.00.00.20.10.00.00.00.00.00.00.00.00.03.85.10.00.00.00.00.00.00.00.00.00.00.00.00.00.00.00.00.00.00.00.00.00.00.00.00.00.00.00.00.00.00.00.00.00.00.00.00.00.00.00.00.00.00.00.00.00.00.00.00.00.00.00.00.00.00.00.00.00.00.00.00.00.00.00.00.00.00.00.00.00.00.00.00.00.00.00.01.30.00.00.00.00.00.00.00.00.00.00.00.00.00.00.00.00.00.00.00.00.00.00.00.00.00.00.00.00.00.00.00.00.00.00.00.00.00.00.00.00.00.00.00.00.00.00.02.48.40.010.97.83.30.00.00.00.014.617.28.80.00.00.00.00.00.00.00.00.06.60.00.00.01.04.43.20.60.10.00.40.00.00.00.00.00.00.06.70.00.00.00.00.00.00.06.51.40.00.50.20.21.00.00.00.00.00.00.00.00.00.00.00.00.00.00.00.0,
2012,16.867751479289943,8.724483775811208,25.025958702064894,0.00.00.00.00.00.00.00.00.00.00.00.00.00.07.80.80.00.00.00.00.00.00.00.00.00.01.90.00.00.00.03.51.40.00.00.00.00.00.00.00.00.00.00.00.00.00.00.00.00.00.00.00.00.00.00.00.00.00.00.00.10.00.00.00.00.00.00.00.00.00.00.00.00.00.00.00.00.00.02.10.00.00.00.00.00.00.00.00.00.00.00.00.13.10.01.20.70.00.00.00.00.02.71.36.51.90.00.00.00.00.00.00.00.00.011.18.615.01.80.00.03.810.70.00.00.00.00.00.00.00.00.00.00.01.26.60.10.00.00.00.00.00.00.00.00.00.00.00.00.00.00.00.00.00.00.00.00.00.00.00.00.00.00.00.00.00.00.00.00.00.00.00.00.00.00.00.00.00.00.00.00.00.00.00.00.00.00.00.00.00.00.00.00.00.00.00.00.00.00.00.00.00.00.00.00.00.00.00.00.00.00.00.00.00.00.00.00.00.00.00.00.00.00.00.00.00.00.00.00.00.00.00.00.00.00.00.00.00.00.00.00.00.00.00.00.00.00.00.00.00.00.00.00.00.00.00.00.032.041.62.30.00.00.00.00.00.00.00.00.00.00.01.40.00.00.40.00.00.08.30.41.50.60.00.212.223.113.80.20.00.911.20.00.024.366.241.92.512.43.729.214.32.04.30.00.00.00.04.18.00.20.10.00.90.00.10.00.05.30.00.00.00.00.00.00.00.50.12.35.90.10.00.00.00.00.42.47.90.81.90.20.10.00.00.10.10.12.80.10.00.00.00.02.5,
2013,16.89252336448598,9.34797507788162,24.442679127725857,0.90.00.00.00.00.00.00.00.00.00.05.420.915.60.15.94.80.02.60.01.00.00.00.00.00.00.00.00.00.00.00.00.10.03.90.00.00.00.00.00.09.20.036.917.60.80.00.00.01.24.621.619.111.328.012.715.90.00.00.00.03.50.020.50.00.07.55.04.30.97.714.20.32.71.737.41.30.011.41.410.00.00.00.00.00.00.00.00.00.00.00.00.00.00.00.00.00.00.30.50.11.60.00.00.00.00.00.00.00.00.00.00.00.48.65.811.01.30.40.20.00.00.00.00.00.00.00.00.00.00.00.00.00.00.00.00.00.00.00.00.00.00.00.00.00.00.00.00.20.00.00.00.00.00.00.00.00.00.00.00.00.00.00.00.00.00.00.00.00.00.00.00.00.00.00.00.00.00.00.00.00.00.00.00.00.00.00.00.00.00.00.00.00.00.00.00.00.00.00.00.00.00.00.00.00.00.00.00.00.00.00.00.00.00.00.00.010.31.70.00.00.00.00.00.00.00.00.00.00.00.00.00.00.00.00.00.00.00.00.00.00.00.00.00.00.00.00.68.09.01.70.40.10.20.00.00.00.00.00.00.00.00.00.00.00.00.00.00.00.00.00.017.50.00.02.10.80.00.00.00.00.00.00.00.00.00.00.00.00.00.00.70.00.00.05.70.00.00.00.00.00.00.00.00.00.00.00.00.00.00.00.00.00.00.00.00.00.00.00.00.00.00.00.00.00.023.40.00.00.00.032.529.70.22.50.8,
2014,17.6721875,10.23,25.08473520249221,0.00.00.00.00.00.00.00.00.00.00.00.00.00.00.00.00.00.00.00.00.00.00.00.00.00.00.00.00.00.00.00.00.00.00.00.00.00.00.00.00.00.00.00.00.00.00.00.00.00.00.00.00.00.00.00.00.00.00.00.00.00.00.00.00.00.00.00.00.00.00.00.00.00.00.00.00.00.00.00.00.00.00.90.01.80.02.06.20.10.00.00.00.00.00.00.00.00.20.02.610.37.422.73.90.00.00.00.00.00.00.00.00.00.00.00.00.00.00.00.00.00.034.20.40.40.10.01.75.38.05.60.00.10.00.07.33.10.00.00.00.00.00.00.00.09.62.90.10.00.10.00.00.00.00.00.00.00.00.00.00.10.00.00.03.75.29.76.60.00.00.00.00.00.00.00.08.210.60.90.00.00.00.01.23.21.71.73.50.90.01.10.65.01.60.011.622.60.026.05.11.00.07.40.00.46.00.03.90.00.01.41.80.00.00.00.113.20.00.00.00.00.00.00.00.00.00.00.00.00.00.00.00.00.00.00.00.00.00.30.00.00.01.60.00.02.715.50.70.50.20.00.00.00.10.00.00.00.00.00.00.00.00.00.222.64.00.00.00.60.00.00.00.00.00.00.00.00.00.00.00.00.00.00.00.00.00.03.61.20.00.00.00.00.00.00.10.00.00.90.20.00.00.00.00.00.00.00.00.00.20.00.00.00.00.00.00.30.00.00.00.20.00.00.00.00.00.0,
2015,18.16721763085399,9.645179063360882,26.69063360881543,0.00.00.00.00.00.00.00.00.00.00.00.00.00.00.00.00.00.00.00.00.00.00.00.00.00.00.00.00.00.00.00.00.00.00.00.00.00.40.40.70.00.00.00.00.00.00.00.00.00.00.00.00.00.00.00.00.00.00.00.00.00.00.00.00.00.00.08.726.80.00.00.00.00.00.00.00.03.70.00.00.00.00.00.00.00.00.00.00.00.00.00.00.00.00.01.033.30.01.80.00.00.62.00.13.80.10.00.08.58.93.50.00.00.00.00.03.92.70.90.00.00.00.040.85.90.90.00.00.00.00.00.00.00.00.00.00.00.00.00.00.00.00.01.20.00.00.00.00.00.00.00.00.00.00.00.00.00.00.00.00.00.00.00.00.00.00.00.00.00.00.00.00.00.00.00.00.00.00.00.00.80.10.02.80.00.00.00.00.00.00.00.00.00.00.00.00.00.04.30.40.18.50.00.73.70.00.00.00.00.00.00.00.13.93.80.04.15.30.00.00.00.00.00.00.00.70.00.85.60.23.11.30.00.00.00.40.10.00.00.00.00.00.00.00.00.00.00.00.00.00.00.00.00.00.00.00.00.00.03.30.11.315.40.55.715.53.70.00.00.00.00.00.00.00.00.00.00.00.00.70.013.10.00.012.60.00.00.019.90.10.00.00.00.00.00.00.00.00.05.20.10.00.00.00.00.00.00.00.00.00.00.00.00.00.00.00.00.00.00.00.00.00.00.00.00.00.00.00.00.00.00.00.00.00.00.00.00.00.00.00.00.00.00.20.10.00.00.00.13.60.00.00.00.00.00.00.00.00.00.00.00.00.00.00.0,
2016,18.078082191780823,10.243835616438355,25.91260273972603,0.00.00.00.00.00.012.50.10.00.00.00.00.00.00.00.00.00.00.00.00.00.00.00.00.00.00.00.00.00.00.00.00.00.00.00.00.00.00.00.20.00.00.00.00.00.01.90.00.00.00.00.00.00.00.00.00.00.00.00.00.00.00.00.00.00.00.00.00.00.00.00.00.00.03.50.10.00.00.00.00.00.00.00.00.00.00.00.00.00.00.00.00.00.00.00.00.00.00.00.00.00.00.015.52.10.00.00.00.00.00.00.00.00.011.614.90.00.00.00.00.00.00.00.00.00.00.00.00.00.00.00.00.00.00.00.00.00.00.00.00.00.010.012.83.21.70.121.67.33.10.10.00.83.80.011.30.80.00.00.00.00.00.10.00.00.07.83.30.80.00.00.00.00.00.00.00.00.00.00.00.00.00.00.04.40.13.115.91.30.00.47.60.60.25.00.00.06.80.10.00.00.00.92.60.00.00.00.00.00.00.00.00.60.60.00.00.20.00.00.03.60.01.00.04.21.04.74.54.00.00.01.42.50.10.00.00.00.00.70.113.50.00.10.00.00.00.00.00.00.09.30.10.80.00.00.00.00.00.20.00.05.04.30.56.05.40.00.00.00.80.00.00.00.00.00.00.00.047.00.00.00.00.00.01.42.95.23.90.00.02.60.04.812.117.80.00.00.00.00.00.00.00.00.00.00.00.00.00.03.99.03.43.59.014.912.816.63.10.00.00.00.00.00.00.00.00.00.00.00.00.00.02.00.00.00.00.00.00.00.00.00.00.00.00.00.00.00.00.00.00.00.00.00.00.00.00.00.00.00.00.00.00.00.00.00.0,
2017,18.357300275482093,9.493112947658402,27.221487603305786,0.00.00.00.00.00.00.00.00.00.00.00.00.00.00.00.00.00.00.00.00.00.00.00.00.00.00.00.00.00.00.00.00.00.00.00.00.00.00.00.00.00.00.00.00.00.00.00.00.00.00.00.00.00.00.00.00.03.66.40.60.00.00.00.00.00.00.00.00.00.00.00.00.00.00.00.00.00.00.00.00.00.00.00.00.00.00.00.00.00.00.00.00.00.00.00.00.00.00.00.00.00.00.00.00.00.00.00.016.627.70.10.00.00.00.00.00.00.00.00.00.00.00.00.00.011.29.60.00.00.00.00.00.00.00.00.00.00.00.00.00.00.00.00.00.00.00.00.00.00.027.03.90.00.00.00.00.00.00.00.00.00.012.514.20.00.01.36.80.00.00.00.00.00.00.00.00.02.94.65.00.40.10.00.10.00.00.00.00.00.00.00.00.00.00.00.00.00.00.00.00.00.00.60.10.00.00.00.00.07.29.50.00.00.00.00.03.20.63.00.00.00.00.00.012.01.414.01.30.00.00.00.07.80.00.00.40.02.70.10.00.00.00.00.00.014.327.50.10.20.00.00.00.00.00.07.71.40.00.00.00.00.00.00.07.32.00.00.03.40.90.00.00.00.00.00.00.00.00.00.00.00.00.00.00.00.00.00.00.00.00.00.00.00.00.00.00.00.00.00.313.112.42.91.30.10.00.00.00.00.00.00.00.013.57.48.10.00.00.00.00.00.00.00.00.00.00.00.00.00.00.00.00.00.00.00.00.00.00.00.00.00.00.00.00.00.00.00.00.00.00.60.00.40.00.00.00.00.00.00.00.00.00.00.00.0,
2018,15.477327935222672,7.950607287449393,23.00161943319838,0.10.00.00.00.00.00.00.00.00.06.70.00.00.00.00.00.00.00.03.21.30.70.10.00.00.00.00.04.00.00.00.00.00.00.00.00.00.00.00.00.00.014.42.711.613.134.64.71.39.410.14.11.624.44.99.51.20.19.50.83.40.00.00.00.03.70.00.00.20.00.00.00.05.42.60.225.80.012.70.10.08.20.00.00.00.00.00.01.60.20.00.00.00.00.00.60.02.90.00.00.00.00.80.00.00.00.00.00.00.00.00.00.00.00.00.00.00.00.00.00.00.00.00.00.00.00.00.00.00.00.00.30.00.00.00.00.00.00.00.00.00.00.00.00.00.00.00.00.00.00.00.00.00.00.00.00.00.00.00.00.00.010.30.00.00.07.41.77.50.00.05.20.01.00.00.00.00.00.01.07.10.31.029.30.40.00.00.09.04.40.02.413.00.00.00.00.00.00.00.20.00.05.81.913.51.15.90.00.516.90.00.00.02.50.20.00.00.00.00.00.00.00.00.00.00.01.95.70.00.00.00.02.50.10.00.00.00.00.00.00.00.00.00.00.00.0,
2019,18.140389972144845,9.82924791086351,26.446796657381615,0.00.00.00.00.00.00.00.00.00.00.00.00.00.00.00.00.00.08.51.30.00.00.00.00.00.00.00.00.05.224.24.90.00.00.00.00.00.00.00.00.00.00.00.00.00.00.00.00.00.00.00.00.00.00.00.00.00.00.00.00.00.00.10.05.80.00.00.00.00.00.00.00.00.00.00.00.00.00.00.00.00.00.00.00.00.00.00.08.51.80.10.10.00.29.57.17.314.92.70.00.00.00.00.00.00.04.45.15.10.20.03.98.55.00.30.00.00.00.00.00.00.00.00.00.00.00.00.00.00.00.00.00.00.00.00.00.00.00.00.00.00.00.00.00.00.00.00.00.00.00.00.00.00.00.00.00.10.00.00.00.00.00.00.00.00.00.00.00.00.00.00.00.00.00.00.00.00.00.00.00.00.00.00.00.00.00.00.00.00.00.00.00.00.00.00.00.00.00.00.00.00.00.00.00.00.00.00.00.00.00.00.00.00.00.00.00.00.00.00.00.00.00.00.00.00.00.00.00.00.00.00.00.00.00.00.00.00.00.00.00.00.00.00.00.00.00.00.00.034.00.00.00.00.014.09.421.20.10.00.00.00.00.00.30.00.00.00.00.00.00.00.00.00.00.00.00.00.00.00.00.00.00.00.00.00.01.80.00.00.00.010.41.10.00.00.70.00.00.00.00.00.00.00.00.41.30.02.50.00.03.10.00.00.00.01.41.41.00.00.032.00.00.09.015.829.80.00.74.80.60.00.00.01.819.70.10.00.00.00.00.00.00.00.00.00.10.00.00.00.00.04.634.976.10.20.00.00.00.00.00.00.00.00.00.0,
2020,18.236538461538466,10.382967032967032,26.088186813186812,0.00.00.00.00.00.00.00.00.00.00.00.03.10.10.00.00.00.00.00.00.00.00.00.00.00.00.00.00.00.00.00.00.00.00.00.00.00.00.00.01.66.70.00.00.00.00.00.00.00.00.00.00.00.00.00.00.00.00.00.00.00.00.00.00.00.00.00.00.00.00.00.00.00.00.00.00.00.00.83.70.00.00.00.00.00.60.00.00.00.00.00.00.09.40.00.00.00.00.00.00.00.00.00.00.00.00.00.00.00.00.06.40.88.70.00.03.20.10.00.00.00.00.00.00.07.08.81.116.50.10.00.00.00.00.00.21.80.10.00.00.00.00.00.00.00.00.113.825.46.20.00.00.00.00.00.12.80.00.43.01.01.13.04.70.20.08.20.00.40.00.17.60.00.00.00.00.00.00.00.32.20.50.00.90.00.00.00.00.00.00.00.00.00.00.00.00.00.00.00.00.08.20.70.01.10.21.74.115.20.00.00.00.00.00.10.10.00.00.00.00.00.00.00.00.00.00.00.00.00.00.00.00.00.00.00.00.00.00.00.00.00.00.01.15.03.10.00.00.00.00.00.00.00.00.00.00.00.09.31.00.00.00.010.04.81.06.80.00.00.00.00.00.021.715.15.86.80.10.00.00.20.10.013.20.00.00.03.07.88.30.00.00.02.93.80.60.00.00.113.10.44.90.10.00.00.00.00.00.00.00.00.00.00.95.40.813.00.57.20.223.30.00.00.00.00.00.00.00.00.00.00.00.00.00.00.50.00.00.00.00.00.10.00.00.00.01.60.00.00.00.00.00.00.00.00.00.00.00.00.00.00.00.00.00.00.0,
2021,16.803968253968254,9.060714285714289,24.550595238095237,0.00.00.00.00.00.00.00.00.00.00.00.00.00.00.00.00.00.00.00.00.00.00.00.00.00.00.00.00.00.00.00.00.00.00.00.00.00.00.00.00.00.00.00.00.00.00.00.00.00.00.00.00.00.00.00.00.00.00.00.00.00.00.00.00.00.00.00.00.00.00.00.00.00.06.620.40.00.00.00.00.00.00.00.00.00.40.00.00.00.00.00.00.00.08.00.00.00.00.00.00.00.00.00.00.00.00.00.00.00.00.00.00.00.00.00.00.00.00.00.03.48.810.64.01.00.00.00.00.00.00.00.00.00.00.00.00.00.00.00.00.00.010.41.05.62.80.60.00.00.20.00.00.01.00.00.00.00.00.02.20.00.00.00.00.00.00.00.00.00.00.00.03.45.80.227.413.432.08.20.00.60.00.00.00.00.00.00.30.03.718.123.72.20.00.00.00.00.00.00.00.00.00.08.42.61.41.12.81.61.10.10.00.10.50.50.00.00.00.03.11.49.12.815.417.81.30.90.00.00.00.00.00.00.00.09.70.00.00.00.00.00.00.00.00.00.00.00.00.00.01.70.00.00.00.00.00.00.00.00.00.00.00.00.00.00.00.00.00.00.00.00.00.00.01.10.02.23.80.00.00.00.00.07.39.10.00.01.01.62.00.00.00.00.012.02.50.05.80.60.12.00.10.00.00.00.00.30.00.00.00.00.01.04.00.10.00.00.00.00.00.00.00.00.00.00.01.60.00.00.01.20.00.00.00.00.00.00.00.53.10.00.00.00.00.00.00.50.00.00.07.80.00.00.00.00.00.00.00.00.00.00.00.00.00.00.00.00.00.30.03.718.123.72.20.00.00.00.00.00.00.00.00.00.08.42.61.41.12.81.61.10.10.00.10.50.50.00.00.00.03.11.49.12.815.417.81.30.90.00.00.00.00.00.00.00.09.70.00.00.00.00.00.00.00.00.00.00.00.00.00.01.70.00.00.00.00.00.00.00.00.00.00.00.00.00.00.00.00.00.00.00.00.00.00.01.10.02.23.80.00.00.00.00.07.39.10.00.01.01.62.00.00.00.00.012.02.50.05.80.60.12.00.10.00.00.00.00.30.00.00.00.00.01.04.00.10.00.00.00.00.00.00.00.00.00.00.01.60.00.00.01.20.00.00.00.00.00.00.00.53.10.00.00.00.00.00.00.50.00.00.07.80.00.00.00.00.00.00.00.00.00.00.00.00.00.0,
2022,18.979320113314447,11.112181303116149,26.845892351274788,0.00.00.00.00.00.00.00.00.00.00.00.00.00.00.00.00.00.00.00.00.00.00.00.00.00.00.00.00.00.00.00.00.00.00.00.00.00.00.00.00.00.00.00.00.00.00.00.00.00.00.00.00.00.00.00.00.00.00.00.00.00.00.00.00.00.00.00.00.00.00.00.00.00.20.20.60.00.00.00.00.00.036.00.00.00.00.00.00.00.03.00.00.00.00.00.00.00.00.00.00.09.40.00.00.00.00.00.00.00.00.00.410.20.00.00.00.00.00.00.00.00.00.00.00.00.00.80.00.00.00.02.40.00.00.00.00.010.80.63.60.00.00.06.82.00.00.00.00.00.00.00.00.00.00.05.60.46.80.02.819.628.410.48.435.47.827.09.224.20.00.00.02.80.00.00.00.00.00.00.00.00.00.00.00.00.00.03.84.80.00.00.00.00.00.00.00.00.00.00.00.00.00.00.00.00.00.00.00.00.00.00.00.00.00.00.00.00.00.40.00.00.00.00.00.00.00.01.40.00.00.00.00.00.00.00.00.00.00.43.80.00.00.00.00.03.00.00.00.00.00.00.00.016.25.64.216.00.05.20.00.00.04.62.218.25.00.00.40.00.06.68.01.43.20.00.00.05.213.80.00.00.00.00.00.00.80.40.00.00.00.00.00.40.62.017.00.00.00.00.00.010.80.00.00.07.20.23.20.00.00.00.00.00.00.00.00.00.00.00.00.00.00.00.00.00.00.00.00.00.00.00.00.00.00.00.00.00.00.00.00.00.00.00.00.00.00.00.00.00.00.00.00.00.00.00.20.00.00.00.00.00.00.00.00.0,
2023,18.81301939058172,10.613573407202216,27.015235457063714,0.00.00.00.00.00.00.00.00.00.00.00.00.00.00.00.00.00.00.00.00.00.00.00.00.00.00.00.00.00.00.00.00.00.00.00.00.00.00.00.00.00.00.00.00.00.00.00.00.00.00.00.00.00.00.00.00.00.00.00.00.00.00.05.816.60.00.00.00.00.00.00.00.00.00.03.45.80.05.20.00.00.04.00.00.00.00.00.00.00.00.00.00.00.00.00.00.00.00.00.00.00.00.00.03.40.20.00.00.00.041.00.20.00.03.28.82.83.00.00.04.40.80.40.81.60.05.00.00.00.00.00.00.00.20.00.00.00.00.00.00.00.00.00.00.00.00.00.00.00.00.05.610.07.20.02.62.62.60.44.20.00.00.00.24.00.00.00.00.00.00.00.00.20.20.00.00.00.20.00.00.00.00.00.00.41.20.00.20.00.01.63.00.20.20.00.00.00.00.60.41.20.00.00.00.00.00.00.00.00.00.00.00.00.00.00.00.00.00.00.023.45.20.00.00.00.00.00.00.00.00.00.00.00.00.00.00.00.00.24.40.00.00.00.00.00.00.08.23.21.80.82.40.00.00.00.00.00.00.00.00.00.00.00.00.00.00.00.00.00.00.00.00.00.00.00.00.00.00.00.00.00.00.00.00.00.00.00.00.00.00.00.00.00.00.00.00.00.00.00.00.00.00.00.00.00.00.00.00.00.00.00.00.00.00.00.00.00.00.00.00.08.40.04.80.42.83.80.013.06.28.62.41.80.00.01.80.00.00.01.43.23.23.80.80.00.00.00.00.00.00.00.00.00.00.20.00.00.00.00.00.00.00.00.00.0,
2024,18.88607242339833,11.220055710306406,26.55905292479109,0.00.02.88.40.00.00.00.25.60.00.00.20.00.01.07.22.016.411.80.00.00.00.00.00.00.00.00.00.00.00.00.00.00.00.00.00.00.023.235.60.022.40.00.00.02.40.00.00.00.00.00.01.80.60.09.40.00.00.00.00.05.60.00.20.00.05.423.220.82.20.00.00.00.00.00.00.00.00.03.20.00.00.06.415.69.00.00.00.00.00.00.00.00.00.00.00.00.00.00.00.00.00.00.00.00.00.00.00.00.00.00.23.20.00.213.81.80.00.00.00.00.00.00.00.00.00.00.00.00.00.00.00.00.00.00.00.00.00.00.00.00.00.00.00.00.00.00.00.00.00.00.00.03.60.00.00.00.00.00.00.00.00.00.00.00.00.00.00.00.00.00.02.60.03.20.00.00.00.00.00.00.00.00.00.00.00.00.00.00.00.00.00.00.00.00.00.00.00.00.00.00.00.00.00.01.20.00.00.00.00.00.00.00.00.00.00.00.00.00.00.00.00.00.00.00.00.00.00.00.00.00.00.00.00.42.80.00.00.00.00.60.00.00.00.00.00.00.00.00.00.00.00.00.00.00.00.00.00.00.00.00.00.00.00.80.00.00.00.00.00.00.00.00.00.06.20.00.40.00.09.03.018.49.210.20.20.00.00.00.00.00.00.02.49.21.821.815.60.80.60.00.00.00.00.00.00.00.00.00.00.02.632.20.00.00.00.20.00.00.00.00.40.00.03.40.00.00.00.00.00.00.00.00.00.00.00.00.20.00.00.01.40.00.00.00.00.00.00.00.00.00.00.00.00.00.00.00.00.00.00.0,
2004,18.705737704918032,14.417486338797817,22.99344262295082,0.00.00.00.00.00.00.00.00.00.00.00.00.00.00.00.00.00.00.00.00.00.00.03.00.00.00.00.00.00.0Ip0.00.00.00.00.00.00.00.00.00.00.00.00.00.00.0Ip0.00.20.722.10.20.00.014.47.00.10.00.00.00.00.00.00.00.0Ip0.00.01.31.00.00.01.80.00.00.00.00.00.00.00.00.60.01.71.910.312.157.024.22.00.00.20.00.00.00.00.0Ip16.92.44.30.1Ip0.00.015.81.60.00.10.00.00.01.10.00.00.00.00.06.0Ip0.02.88.540.10.00.20.00.00.00.10.854.70.90.30.00.00.00.00.00.00.00.10.80.00.00.00.00.00.00.00.90.00.00.00.00.00.00.00.00.00.00.00.00.025.610.50.00.00.05.0Ip0.00.00.00.00.00.00.00.00.00.00.00.00.00.00.00.91.30.00.00.00.00.00.00.00.00.00.50.00.00.00.00.00.00.0Ip0.00.00.00.10.00.00.00.0Ip0.00.00.00.00.00.00.00.00.00.00.00.00.00.00.00.00.00.00.00.00.00.00.00.00.0Ip0.00.00.00.193.514.8Ip0.11.117.30.00.00.02.10.00.00.00.00.00.00.00.00.00.00.00.00.00.00.00.00.00.00.00.00.00.00.00.00.40.00.00.00.00.00.00.00.00.00.00.00.30.00.014.00.00.00.00.10.04.8Ip0.00.03.20.00.00.01.80.0IpIp0.00.00.00.80.00.00.00.00.00.00.00.00.00.00.00.00.00.00.00.00.70.84.822.80.03.99.46.90.011.43.810.00.00.037.83.95.50.00.00.00.00.00.00.00.00.00.00.00.00.00.00.00.00.0,Valencia
2005,18.004383561643838,13.515890410958905,22.491232876712328,0.00.00.00.00.00.00.00.00.00.00.00.00.00.00.00.00.00.00.00.00.00.00.00.00.00.00.00.03.30.00.00.00.00.00.00.00.021.124.71.20.00.00.00.00.00.00.00.00.00.00.01.20.011.43.56.20.00.01.30.40.40.00.00.00.00.00.00.00.00.00.00.00.00.80.30.00.00.00.00.02.04.60.00.00.00.00.00.00.00.04.52.67.80.00.00.00.09.60.00.00.00.00.00.00.60.00.00.00.00.00.00.00.00.00.00.00.00.00.00.00.01.40.00.00.00.00.00.00.00.00.00.76.40.00.29.70.00.00.00.00.00.00.00.00.00.00.00.00.00.00.00.00.00.00.00.00.00.00.00.00.00.00.00.00.00.00.00.00.00.00.0Ip8.22.50.00.00.00.01.00.00.00.00.00.01.80.00.00.02.40.60.00.00.00.00.00.00.00.00.00.00.00.00.00.00.00.00.00.00.90.00.00.57.20.80.00.00.00.00.00.00.00.00.00.00.00.00.00.00.01.00.00.00.00.00.00.00.00.00.00.01.40.00.00.00.00.00.00.0Acum14.70.20.00.00.00.00.00.00.00.326.20.00.00.00.00.00.00.06.41.00.20.00.00.00.00.00.00.00.02.60.00.00.00.00.00.01.48.90.00.00.00.30.00.00.00.01.30.00.00.00.00.20.50.00.00.00.00.00.00.00.00.00.01.431.832.80.21.737.90.00.00.00.00.04.20.02.32.50.00.00.00.00.00.00.00.00.00.00.00.00.00.00.00.00.00.01.60.20.40.20.00.03.21.64.20.60.00.00.00.00.00.00.00.00.00.0,Valencia
2006,18.937534246575343,14.804657534246576,23.073698630136985,0.00.00.00.00.0AcumAcumAcum16.21.615.50.00.00.00.00.00.00.00.00.00.00.00.00.00.00.015.51.60.015.01.20.00.00.80.00.00.00.00.00.00.00.20.00.00.00.00.00.00.00.00.00.00.0Ip0.27.928.70.00.00.00.00.00.00.70.00.00.00.00.00.00.00.00.00.0Ip0.01.10.0Ip0.00.00.00.00.00.00.00.00.00.00.00.00.00.00.00.00.0Ip0.00.00.00.00.00.00.00.60.71.70.00.00.10.03.30.00.00.00.00.00.00.00.00.06.26.14.90.00.01.10.00.00.00.00.20.00.00.00.00.0Ip0.00.00.00.00.00.00.00.00.00.02.614.811.20.014.50.00.00.00.00.00.31.40.00.00.00.00.00.00.05.30.00.00.00.00.00.00.00.00.00.0Ip0.00.00.00.00.00.00.00.00.00.00.00.00.0Ip0.00.00.0Ip0.00.00.00.00.00.00.00.00.00.01.00.00.00.00.00.00.0Ip0.00.00.00.00.00.00.00.00.00.00.00.00.00.70.00.00.00.00.00.00.00.00.00.00.00.06.70.00.00.00.00.00.00.00.00.00.00.02.74.42.7Ip0.00.00.00.00.00.0Ip8.48.80.00.00.00.00.00.00.00.00.00.00.00.00.00.00.00.00.00.00.00.10.00.00.2Ip23.90.04.00.00.00.00.00.00.00.00.00.00.00.00.024.714.610.10.04.366.40.20.00.00.00.00.00.00.02.50.00.00.00.00.00.00.00.00.00.00.00.00.01.10.30.00.00.02.40.00.20.00.00.00.00.0Ip0.00.00.00.00.05.57.50.00.60.70.00.00.00.00.00.00.00.0,Valencia
2007,18.53150684931507,14.176438356164384,22.883287671232875,0.00.00.00.00.00.00.00.00.00.00.00.00.00.00.00.00.00.00.00.00.00.00.00.011.766.20.00.02.93.10.50.0Ip7.527.60.00.00.012.00.00.00.00.00.00.00.00.0Ip1.10.01.6Ip0.00.00.00.30.00.00.00.00.00.00.00.00.00.00.00.00.00.01.20.00.00.00.00.00.00.0Ip0.00.00.00.0Ip14.121.719.30.00.02.06.00.8Ip0.34.06.47.20.50.0Ip0.80.91.92.20.50.00.0Ip0.00.00.00.00.00.00.01.62.215.60.00.00.02.219.60.00.00.00.00.00.00.00.00.00.00.00.00.00.00.00.00.00.01.512.50.0Ip1.10.00.00.00.00.00.00.00.00.22.90.00.00.00.00.00.00.00.00.00.00.00.20.00.00.00.00.00.00.00.52.1Ip0.00.00.00.00.00.00.00.00.00.00.00.00.00.00.00.00.00.00.00.00.00.00.00.00.00.00.00.00.00.00.00.00.00.00.00.00.00.01.30.010.20.00.00.00.00.10.00.00.00.0IpIp0.00.010.50.00.01.20.60.00.00.00.00.00.00.00.00.00.00.10.00.00.00.00.00.00.00.030.2Ip0.00.00.30.30.796.719.70.00.00.00.00.00.00.00.00.00.0Ip9.11.10.00.03.40.00.7178.2Ip0.0Ip0.027.20.550.30.04.70.00.30.458.70.20.02.10.00.00.00.00.00.00.00.00.00.00.00.00.00.00.00.0Ip0.00.00.00.00.00.00.30.00.00.00.00.00.00.00.00.00.00.00.00.00.00.00.00.00.00.00.00.00.00.00.04.30.00.017.34.81.54.62.30.30.00.010.60.00.00.00.00.0,Valencia
2008,18.3275956284153,14.022677595628416,22.633879781420767,0.00.00.00.00.00.00.00.00.00.00.00.40.00.00.210.71.30.00.00.00.00.00.00.00.00.00.00.00.00.00.00.00.00.00.00.00.00.0Ip0.00.00.00.00.50.00.00.00.00.00.00.00.09.21.80.00.00.00.00.00.00.00.00.00.00.00.00.06.30.00.10.00.00.00.00.00.00.00.00.00.00.00.06.00.03.12.60.215.41.10.40.00.00.00.00.00.00.00.00.78.5112.80.27.30.123.50.00.00.00.05.01.60.60.010.14.19.60.10.0Ip26.70.10.91.225.01.30.00.00.00.0Ip0.00.00.00.02.50.00.00.00.00.00.0Ip0.00.00.00.0IpIp0.00.0IpIp0.00.00.00.00.00.0Ip0.057.81.30.00.00.00.20.00.00.00.00.00.00.00.00.00.00.00.00.20.18.90.60.00.60.06.50.80.00.00.00.00.00.00.00.00.00.20.90.00.00.00.00.00.00.00.00.00.00.00.00.00.00.00.00.00.00.00.00.00.00.00.00.00.00.00.03.30.91.20.00.05.617.510.90.60.00.00.08.10.00.00.01.00.00.00.00.00.00.00.00.00.00.00.00.00.00.00.00.00.00.00.00.00.00.06.30.00.00.00.00.00.00.00.00.00.00.00.00.00.00.00.01.10.10.0Ip0.00.00.00.00.30.00.03.71.20.00.01.40.00.00.00.0Ip0.00.00.00.00.00.00.00.00.125.320.638.56.3Ip0.00.70.00.21.015.40.30.00.00.09.90.04.10.414.91.20.0Ip4.30.33.30.00.012.10.00.018.216.70.00.00.80.00.00.00.00.00.00.00.00.00.00.00.00.00.00.00.00.10.0,Valencia
2009,18.757534246575343,14.384383561643835,23.130958904109587,0.00.00.00.00.00.033.90.00.00.00.00.00.00.00.00.00.00.00.00.00.00.00.00.00.00.00.00.00.00.00.00.00.00.00.00.00.00.027.023.2Ip0.00.00.00.00.00.00.00.00.00.00.00.00.00.00.00.00.00.00.00.00.00.00.00.00.012.40.10.00.00.00.00.00.60.20.76.01.927.21.30.00.00.011.734.50.00.00.05.1119.425.60.0Ip0.00.00.00.00.00.00.00.00.00.011.20.07.42.00.00.00.90.00.94.10.70.00.00.00.00.00.00.00.00.00.00.00.00.00.00.00.00.00.00.00.00.00.00.00.00.00.00.00.00.0Ip0.00.00.00.00.00.00.00.50.00.01.90.00.00.00.00.00.00.00.00.00.011.721.60.00.70.00.90.01.90.32.89.30.43.60.40.00.00.80.00.1Ip0.033.51.50.00.00.00.50.91.41.00.00.00.00.00.00.00.00.00.00.0Ip0.00.0Ip0.00.00.00.00.07.65.64.00.00.00.00.70.00.00.00.00.00.00.00.53.40.00.00.00.00.00.00.00.00.00.00.0Ip12.2Ip0.047.10.00.00.00.00.00.00.00.00.00.00.00.00.00.00.00.00.00.00.00.01.40.00.00.07.020.441.50.30.03.30.70.00.00.716.5Ip0.08.51.90.00.00.00.00.50.04.20.00.00.00.00.00.00.22.50.00.00.00.00.00.00.00.00.00.00.00.00.00.00.00.0Ip0.20.00.00.00.00.00.00.00.0Ip0.00.00.00.00.00.01.80.00.00.00.00.60.7Ip0.00.00.00.00.00.00.00.00.00.00.00.00.00.00.00.00.00.00.00.00.00.00.00.0,Valencia
2010,17.88931506849315,13.616438356164384,22.160273972602734,0.00.00.0Ip0.00.00.00.00.00.00.00.00.00.00.00.00.00.00.00.00.00.01.70.00.00.00.00.00.00.00.00.00.00.00.00.00.00.00.00.00.20.01.20.40.0Ip0.00.01.019.00.00.00.00.00.00.00.00.00.00.00.00.01.81.90.00.00.00.00.00.00.00.00.00.00.00.00.0Ip31.00.00.04.10.00.01.60.00.00.00.00.00.00.00.00.00.00.00.00.00.00.024.10.00.450.80.00.00.00.00.00.00.00.00.00.00.00.00.00.00.00.00.03.00.90.00.00.00.00.00.05.40.00.10.00.00.00.00.60.00.01.80.00.00.00.00.00.00.00.00.02.80.07.20.50.00.00.00.00.20.44.00.20.02.00.00.00.50.00.00.00.08.60.61.81.50.80.00.00.00.00.00.00.00.0Ip0.00.06.57.97.70.329.80.70.01.30.00.71.80.00.00.00.0Ip0.00.00.00.00.00.31.60.00.30.00.00.00.00.00.00.06.10.00.00.01.20.00.00.00.00.54.89.60.30.015.40.20.00.30.01.60.00.00.00.00.00.017.02.40.09.60.012.40.40.00.00.00.00.00.00.00.00.00.00.20.45.3Ip0.00.00.00.00.00.00.00.00.00.00.00.00.00.00.04.70.00.00.00.09.54.30.00.01.54.43.20.00.00.42.3Ip0.00.00.00.00.00.00.03.322.213.20.00.00.03.60.00.90.00.50.00.00.00.00.00.00.00.00.00.00.0Ip0.00.00.010.31.90.00.00.00.00.01.50.00.00.40.00.55.00.00.00.20.01.96.10.30.05.80.00.00.00.00.00.00.00.0Ip0.00.00.0,Valencia
2011,18.713972602739727,14.40931506849315,23.020273972602737,0.0Ip0.90.00.00.00.00.00.00.00.03.00.0Ip0.00.00.00.00.00.00.0IpIp0.00.00.00.00.00.03.60.00.00.00.00.00.00.00.04.00.00.00.00.00.00.00.00.00.00.00.00.00.00.00.00.00.00.00.00.0Ip0.00.00.03.38.00.00.00.00.00.00.00.00.00.00.00.00.00.00.00.00.00.00.00.036.70.30.00.00.00.02.10.00.10.00.00.00.00.00.00.00.00.00.00.00.00.00.30.00.00.00.00.00.00.12.90.40.01.82.60.223.70.00.00.00.83.74.72.67.63.30.00.00.00.00.00.10.20.00.04.22.95.87.816.740.30.00.00.00.00.0Ip0.00.00.08.20.00.00.00.00.00.00.00.00.00.00.00.00.00.00.00.00.00.00.00.00.00.00.00.00.50.00.00.00.00.00.00.00.00.00.00.00.00.00.00.00.00.00.00.00.00.00.00.00.00.00.00.00.00.70.59.40.80.00.00.10.00.00.00.00.00.00.00.00.00.00.00.0Ip0.02.30.00.00.00.00.00.00.00.00.00.00.00.00.00.00.07.39.30.00.00.03.20.00.037.20.32.40.50.02.10.00.00.00.00.05.113.93.20.00.00.00.0Ip0.00.00.0IpIp0.00.00.00.00.00.00.00.00.00.00.00.00.10.00.20.00.047.40.90.88.00.20.00.00.80.00.01.80.31.30.00.00.012.70.00.00.00.00.00.017.10.30.00.01.01.10.00.00.00.00.00.00.024.10.00.01.31.50.00.60.00.60.00.018.00.02.60.00.00.00.00.00.00.00.00.10.00.00.00.00.00.00.00.00.00.00.00.0,Valencia
2012,18.70601092896175,14.188251366120218,23.22322404371585,0.00.00.00.00.00.00.00.00.00.00.00.00.00.10.20.00.00.00.00.00.00.00.00.00.00.00.10.00.00.00.00.00.00.00.00.00.00.00.00.00.00.00.00.00.00.00.00.00.00.00.00.00.00.00.00.00.00.00.00.00.00.00.00.00.00.00.00.00.00.00.00.00.00.00.00.00.00.00.00.017.40.00.00.00.00.00.00.04.132.57.10.10.00.00.00.00.00.00.00.00.00.00.05.90.00.20.00.00.00.010.310.60.00.00.00.99.60.00.00.00.06.00.00.10.20.20.00.00.72.60.67.60.014.60.05.22.30.33.213.70.10.00.00.01.30.00.00.03.20.00.00.00.00.00.00.00.00.00.00.00.00.00.00.00.00.00.00.00.00.00.00.00.00.00.00.00.05.20.00.00.00.00.0Ip0.00.00.00.00.00.00.00.00.00.00.00.00.00.02.249.60.00.00.00.00.00.00.00.00.0Ip1.10.10.00.00.00.00.00.0IpIp0.00.00.00.00.00.00.00.0Ip0.00.00.00.00.00.00.00.00.00.00.00.00.00.00.00.00.00.00.00.00.00.00.00.00.00.00.00.00.00.00.00.00.010.832.50.40.50.10.00.00.00.00.10.00.00.00.00.00.010.81.90.40.00.00.00.00.02.80.10.00.00.00.00.00.00.00.00.00.00.00.00.00.07.17.20.00.00.00.00.20.10.00.00.00.00.00.00.00.00.00.00.00.00.00.00.40.00.00.00.00.00.00.00.00.00.00.00.00.00.40.00.00.00.00.00.00.00.00.00.00.00.00.00.00.10.10.00.00.00.00.00.00.00.00.00.00.0,Valencia
2013,18.767397260273977,14.537534246575342,22.996438356164383,0.00.00.00.00.00.00.00.00.12.60.70.00.00.00.00.00.00.00.00.00.00.00.00.00.00.00.00.00.00.00.00.00.00.00.00.00.00.00.00.00.00.00.00.00.00.00.00.00.00.00.00.00.00.00.011.90.30.016.65.30.00.00.00.00.00.00.00.00.00.00.00.00.00.00.00.00.00.00.00.00.00.00.00.00.00.00.00.00.00.00.00.00.00.0Ip12.70.00.00.00.00.00.00.00.00.00.00.00.00.00.00.00.00.0Ip0.00.00.00.00.00.0Ip0.00.00.00.00.00.00.00.00.00.00.00.00.00.00.00.00.01.00.00.00.00.00.00.00.00.00.00.09.00.20.00.00.00.00.00.00.00.00.00.00.00.00.00.00.00.00.00.00.0Ip8.50.00.00.00.00.02.70.00.00.00.00.00.00.00.00.00.00.00.00.00.00.00.00.00.00.00.00.00.00.00.00.50.00.01.60.03.20.00.00.00.00.00.00.00.60.00.00.00.00.00.00.00.00.00.00.00.00.00.00.00.20.03.40.00.00.00.00.00.00.011.772.22.60.00.023.017.70.01.70.00.00.00.00.00.00.00.00.03.00.00.00.00.00.00.00.00.00.00.00.00.00.00.00.00.01.10.012.10.00.00.00.00.00.00.00.00.00.00.00.00.00.00.00.00.00.05.723.39.116.315.57.00.30.00.00.00.00.00.00.00.00.00.00.00.00.51.21.9Ip4.50.00.00.00.00.00.00.00.00.01.70.02.50.00.00.00.00.00.00.00.00.00.00.00.00.00.00.00.00.00.03.10.00.00.07.00.00.00.00.00.00.00.00.00.0,Valencia
2014,19.50164383561644,15.265479452054793,23.737534246575343,0.00.40.00.30.00.00.00.00.00.00.0Ip0.80.01.30.10.00.80.00.02.20.10.00.00.00.00.00.0Ip0.00.00.00.00.00.00.00.00.00.06.50.00.00.00.00.00.05.00.00.00.00.00.00.00.00.00.0Ip0.00.00.00.00.00.00.00.00.00.00.00.00.317.54.60.00.00.00.00.00.00.01.30.00.1IpIp0.00.00.00.00.90.00.06.80.00.00.00.00.00.00.00.00.00.00.00.00.00.00.00.00.00.60.00.00.00.00.00.00.00.00.00.00.00.00.00.00.00.00.00.00.00.0Ip0.20.00.00.00.00.00.00.00.0Ip0.00.00.03.50.00.07.00.00.30.00.00.00.00.00.20.00.00.00.00.00.00.00.00.00.00.0Ip0.0Ip0.00.00.05.912.30.00.00.00.00.00.00.00.832.30.00.00.00.00.00.00.00.00.00.00.00.00.00.00.00.00.00.00.00.00.00.00.00.00.00.00.00.00.00.00.00.00.00.00.00.00.00.00.00.00.20.00.00.30.00.00.00.00.00.00.00.00.00.00.00.00.00.00.00.00.00.00.00.00.04.10.00.00.00.00.00.00.00.00.00.00.00.00.00.025.50.03.2Ip0.80.20.220.80.00.00.00.00.00.00.00.00.00.00.00.34.20.10.00.00.00.00.00.00.00.00.00.00.00.00.00.00.00.00.00.00.00.05.60.00.00.00.00.10.50.08.90.00.00.90.00.00.00.00.00.00.00.00.10.00.00.00.011.04.340.00.00.00.00.00.00.00.00.00.00.00.00.00.143.41.90.00.00.0Ip0.00.00.00.00.00.00.00.00.00.00.00.0,Valencia
2015,19.209041095890413,14.808219178082192,23.610958904109587,0.00.00.00.00.00.00.00.00.00.00.00.00.00.00.00.00.04.33.70.00.00.00.00.00.00.00.00.00.01.80.00.00.00.20.00.00.00.00.0Ip0.00.02.20.00.00.01.40.50.00.40.00.00.00.00.00.00.00.00.00.00.00.00.00.00.00.00.00.00.00.00.0Ip0.82.90.00.57.70.113.521.126.522.86.1Ip0.00.00.00.00.00.00.00.00.00.02.60.00.0Ip0.00.00.60.00.00.00.30.00.00.00.00.00.10.00.00.00.0Ip0.00.00.00.00.00.00.00.00.00.00.00.00.00.00.00.00.00.00.00.00.00.015.40.00.00.00.00.00.00.00.00.00.01.00.00.00.00.00.00.00.00.00.00.00.00.70.031.20.022.3Ip0.00.00.00.00.00.20.80.00.00.00.00.00.00.00.00.00.00.00.00.00.00.00.00.00.00.00.00.00.00.00.00.20.00.00.07.30.00.00.5Ip0.00.00.01.32.00.00.00.00.00.00.01.111.60.00.00.60.00.00.00.00.10.00.00.00.00.00.00.00.00.00.00.00.00.00.03.90.00.31.10.54.30.322.0Ip0.00.00.00.90.00.00.00.00.00.00.00.00.00.00.00.00.00.037.00.019.60.00.10.00.00.00.00.00.09.00.00.00.03.619.40.00.00.00.20.01.44.60.00.00.00.07.2Ip2.20.00.00.80.517.047.60.00.00.00.00.00.00.00.00.00.00.00.00.00.00.00.00.00.00.00.00.00.0Ip0.00.00.00.00.00.00.00.00.00.00.00.00.00.10.00.00.00.00.00.00.00.00.00.00.00.00.00.00.00.00.00.00.00.00.00.0,Valencia
2016,19.08497267759563,15.05382513661202,23.114754098360656,0.00.00.00.00.00.00.00.00.00.00.00.00.00.00.60.50.00.00.00.00.00.00.00.00.00.00.00.00.10.00.00.00.00.00.00.01.30.00.00.00.00.00.00.00.60.00.00.0Ip0.00.0Ip0.00.00.00.00.90.00.00.00.00.00.00.00.00.02.80.00.20.00.00.00.00.00.00.00.00.82.20.00.4Ip0.00.00.00.00.00.00.00.00.00.00.01.311.63.00.01.50.00.00.00.00.00.00.00.00.00.00.00.00.00.00.00.30.00.00.00.00.01.00.00.00.30.00.00.00.00.314.26.71.64.00.00.00.00.00.00.00.80.00.00.00.00.00.00.00.00.00.00.00.00.00.00.00.01.20.00.00.00.00.00.00.00.00.00.00.00.00.00.00.00.00.00.00.00.00.00.00.0IpIp0.70.00.00.00.00.00.00.00.00.00.00.00.00.00.00.00.00.00.00.0Ip0.0Ip0.00.00.00.00.00.00.00.00.00.00.00.00.01.00.00.00.00.227.70.00.00.00.01.30.00.00.00.00.00.00.00.00.00.00.00.00.00.00.00.00.00.00.00.00.00.00.00.00.00.00.00.032.80.00.00.00.00.00.00.00.00.015.70.02.70.00.80.30.00.00.00.00.00.00.00.00.00.00.00.00.03.7Ip0.00.00.08.10.90.00.316.20.20.03.60.10.00.20.00.00.00.00.00.00.00.00.00.50.00.00.00.00.00.00.00.00.00.00.00.00.03.15.013.01.80.00.014.1130.05.228.60.30.00.06.68.614.50.00.60.00.00.00.00.00.00.00.346.213.174.04.10.20.00.10.00.00.00.00.00.00.00.00.0,Valencia
2017,18.79013698630137,14.167945205479452,23.413150684931505,0.00.00.00.00.00.00.00.00.00.00.00.00.00.00.00.0Ip0.376.666.51.30.40.20.00.01.36.60.10.00.00.00.01.80.00.01.20.00.00.00.00.1Ip0.03.20.00.00.00.00.00.00.00.0Ip3.42.80.00.00.00.00.00.02.70.00.00.00.00.00.00.00.039.78.40.00.00.00.00.00.00.00.00.00.00.00.01.20.00.00.00.00.00.00.00.00.00.00.00.00.00.00.00.00.00.00.00.00.01.9Ip0.00.00.00.00.00.02.915.52.70.00.00.00.00.00.00.00.00.00.00.00.0Ip0.00.00.00.00.00.00.010.30.00.0Ip0.00.00.00.00.00.00.00.01.50.00.00.21.314.30.00.00.00.00.00.00.00.00.00.00.00.00.00.00.00.00.00.00.00.05.00.00.00.00.00.00.10.00.00.00.00.00.50.00.00.00.00.00.00.00.00.00.00.00.00.00.60.70.00.00.00.00.00.00.00.00.00.50.50.00.01.10.00.00.01.50.00.00.00.00.00.00.00.00.00.00.20.00.00.00.00.00.00.05.316.50.10.74.20.00.00.00.00.00.00.00.30.00.00.00.00.01.50.00.00.00.00.00.00.00.00.00.00.00.00.00.00.00.00.00.00.00.00.02.90.00.00.00.00.00.00.00.00.00.013.40.60.00.00.00.00.00.00.00.00.00.00.00.10.00.00.0Ip0.00.00.0Ip0.00.00.00.00.00.00.00.00.00.00.00.00.00.00.00.00.00.00.03.04.40.00.00.00.00.00.00.00.00.00.00.00.00.60.00.00.00.00.01.31.40.00.00.00.00.00.00.10.10.00.00.00.0,Valencia
2018,19.03945205479452,14.804109589041095,23.278630136986305,0.00.00.00.00.00.00.00.00.00.00.00.01.20.00.00.00.00.00.00.00.0Ip0.00.00.00.00.00.00.00.00.00.00.00.00.00.80.02.07.90.11.00.01.00.00.00.00.00.80.00.00.00.00.0Ip0.00.00.00.0Ip0.00.00.00.02.62.60.013.00.00.00.118.24.05.00.00.00.043.80.043.02.30.00.00.00.00.00.05.38.00.00.00.00.00.00.00.00.00.00.00.00.31.10.00.10.00.05.80.00.00.0136.012.72.20.10.00.00.00.01.720.10.00.09.60.00.50.20.00.00.20.00.04.00.00.10.00.01.62.622.2115.315.514.57.03.90.01.12.40.01.30.00.00.00.00.00.10.00.00.00.00.00.00.00.00.00.01.49.70.00.00.00.00.00.00.00.00.00.00.00.00.00.00.00.00.00.00.00.00.00.00.05.50.40.00.50.00.00.00.10.00.00.00.00.00.00.00.00.00.00.01.21.56.410.90.00.00.09.50.01.47.86.08.60.00.00.00.00.01.30.0Ip0.0Ip2.40.00.10.00.00.00.00.00.00.022.40.04.60.00.02.80.00.00.30.00.06.40.00.00.40.00.00.00.10.04.50.00.00.00.0IpIp0.00.00.00.00.00.00.00.00.00.00.0Ip6.70.00.04.30.00.60.00.0Ip0.00.00.00.00.00.00.00.00.00.00.05.40.50.00.00.00.00.0Ip0.00.00.01.00.00.00.00.00.00.00.00.00.00.00.00.00.0Ip0.00.00.00.08.11.40.10.10.00.092.80.20.00.010.20.00.00.80.00.00.01.20.00.00.00.00.00.00.00.00.00.00.00.00.00.00.00.00.0,Valencia
2019,19.055616438356164,14.554246575342466,23.55369863013699,0.00.00.00.00.00.02.63.90.00.00.00.00.30.00.00.00.00.00.00.00.00.00.00.00.00.00.00.00.00.00.30.00.00.00.00.00.00.00.00.00.00.00.00.00.00.00.00.00.00.03.81.20.00.00.00.04.30.90.00.00.00.08.40.00.00.00.031.50.00.00.08.029.318.518.10.00.00.00.00.00.00.00.00.00.00.00.00.00.00.00.00.00.00.00.00.00.00.00.00.00.00.00.00.00.00.50.00.00.00.02.01.512.510.50.00.00.00.00.00.00.00.00.00.00.00.00.00.00.00.00.00.00.00.00.00.90.00.00.00.30.00.01.10.01.40.10.00.00.00.00.00.00.00.023.119.429.315.20.00.00.00.00.00.00.00.00.00.00.00.00.00.00.00.00.00.00.00.00.00.00.00.00.00.00.00.00.00.00.00.00.00.00.00.00.00.00.00.00.00.00.00.0Ip0.70.00.00.00.00.00.00.00.00.00.00.00.00.00.00.00.00.00.00.00.00.00.00.00.00.00.00.00.00.00.00.00.00.00.00.00.00.00.00.00.00.00.00.00.00.30.00.00.00.00.00.00.00.00.00.00.00.03.80.00.00.00.00.00.00.00.00.00.01.515.00.31.30.30.05.61.10.00.00.21.20.00.00.00.00.00.00.033.811.12.72.53.60.90.0Ip0.00.00.00.00.03.2Ip2.60.00.00.00.00.00.00.00.00.00.00.00.00.00.01.40.50.25.60.10.88.30.10.00.00.00.00.00.00.00.00.00.00.00.00.00.00.00.00.00.00.00.00.00.00.00.00.00.00.00.00.00.00.00.00.00.00.00.0,Valencia
2020,19.03032786885246,14.630601092896176,23.432240437158473,0.00.00.00.00.00.00.00.00.00.00.00.00.00.00.00.00.02.438.253.535.39.9Ip0.00.00.00.00.00.00.00.00.00.00.00.00.20.10.00.00.00.00.00.00.00.00.00.00.01.20.10.00.00.00.00.00.00.00.00.00.00.0Ip0.00.00.00.00.00.00.00.00.00.00.00.01.013.05.30.00.00.56.44.02.00.80.50.53.20.00.06.69.60.21.00.00.00.00.0Ip0.00.0Ip0.00.23.52.216.80.0Ip3.25.20.017.4Ip0.00.00.00.20.00.00.00.00.00.00.00.00.00.00.00.06.30.60.02.06.28.20.50.20.00.00.00.00.00.00.00.0Ip0.00.00.00.00.00.00.00.00.02.20.00.07.628.30.00.00.00.00.00.00.0Ip0.00.00.00.00.00.00.0Ip0.00.00.00.00.00.00.00.00.00.00.00.00.00.0Ip0.00.04.21.44.00.00.00.00.00.00.00.01.00.00.00.00.00.00.00.00.00.00.00.01.50.00.00.00.00.00.00.00.0Ip0.00.00.00.00.00.00.00.00.00.00.00.00.00.00.00.02.90.00.00.00.00.00.00.00.013.50.00.00.00.00.00.00.1IpIp1.04.30.00.00.00.0Ip0.00.00.00.00.00.00.00.02.70.00.00.00.00.00.00.0Ip0.00.00.01.20.00.00.00.00.00.0Ip2.20.00.00.00.00.00.00.00.00.00.00.04.264.592.812.00.60.00.00.00.00.00.00.00.00.00.00.00.00.00.00.00.00.00.20.871.53.50.00.00.00.00.0Ip0.00.02.00.00.01.20.00.00.00.00.00.00.00.00.20.00.00.00.00.60.00.00.00.20.00.00.2,Valencia
2021,18.681917808219175,14.514794520547945,22.848219178082193,1.80.00.00.00.02.06.622.01.60.00.00.00.00.00.00.00.00.00.00.0Ip0.20.00.00.00.00.00.00.00.20.00.00.00.00.00.00.00.0Ip0.00.00.00.00.011.30.00.00.00.00.00.08.0Ip0.00.00.00.00.00.0IpIp0.00.00.01.813.60.8Ip0.00.00.00.00.00.00.00.022.40.80.50.00.00.00.00.00.00.00.00.00.00.00.00.00.00.20.00.02.00.22.20.40.20.00.00.30.84.00.00.00.01.012.68.60.02.324.80.24.60.40.00.60.0Ip0.20.00.00.00.00.09.5Ip0.00.00.00.00.00.00.00.00.00.00.00.016.00.00.00.0Ip0.40.00.00.03.20.00.00.02.80.00.02.00.00.00.00.00.0Ip0.01.21.00.25.00.00.05.00.00.00.00.00.00.00.00.00.00.00.00.00.00.01.00.00.00.00.00.00.00.0Ip0.00.00.00.00.00.00.00.00.08.61.60.00.00.00.00.00.00.00.00.00.00.00.03.6IpIp0.00.00.00.2Ip0.00.20.00.20.00.00.00.828.20.00.00.00.00.017.00.841.40.00.00.00.00.00.00.00.00.00.40.0Ip0.00.49.00.00.00.06.06.42.8Ip0.23.50.00.00.00.00.00.00.08.20.00.00.00.00.0Ip0.00.00.00.00.00.00.00.50.00.00.04.08.40.00.00.00.0Ip0.01.21.71.00.40.20.00.00.00.00.00.00.70.01.02.00.00.00.00.00.02.421.84.40.247.90.62.40.00.0Ip0.00.00.00.50.00.00.00.00.0Ip0.00.00.00.00.00.00.00.00.00.0Ip0.00.00.00.00.0Ip0.0Ip0.00.00.00.00.0,Valencia
2022,19.591506849315067,15.29835616438356,23.883561643835616,0.00.00.00.00.00.00.00.00.01.20.00.70.20.00.00.00.00.00.00.00.00.01.47.21.20.00.00.00.00.00.00.00.00.0IpIp0.00.00.00.00.00.00.00.80.00.00.00.00.00.20.00.00.00.02.82.00.1Ip0.00.00.026.70.0Ip11.88.90.00.00.02.0Ip2.2Ip0.023.812.90.85.06.947.71.423.75.23.60.00.00.00.012.7Ip0.00.02.2Ip3.70.00.00.00.00.00.04.814.60.00.00.00.02.53.940.70.01.00.00.00.00.08.60.50.00.20.059.8172.41.70.00.00.00.00.00.00.00.00.00.00.00.00.00.00.00.00.00.00.04.00.00.00.00.00.00.00.00.00.00.00.00.00.00.00.00.00.00.00.00.00.00.00.00.00.00.00.02.20.00.00.00.00.21.00.00.00.00.00.00.00.03.5Ip0.00.00.00.00.00.00.00.00.00.00.00.00.00.00.00.00.00.0Ip0.00.00.00.00.00.00.00.00.00.00.00.00.00.00.00.00.00.00.70.00.00.05.60.00.00.00.00.00.00.37.22.60.00.00.03.00.00.00.00.00.00.00.00.00.00.00.00.00.21.80.00.00.02.512.40.00.00.00.20.0Ip13.10.00.00.0Ip0.00.00.00.00.00.07.20.03.10.014.2Ip0.00.00.04.50.00.00.30.2IpIpIp0.00.00.00.00.00.00.00.00.00.00.0Ip0.00.00.00.00.00.413.034.50.30.00.00.00.00.0Ip0.00.00.20.00.00.00.00.0Ip0.00.00.02.10.00.0Ip0.00.00.00.90.51.74.70.02.60.20.00.00.00.00.00.00.00.00.00.00.00.00.00.00.0Ip0.0,Valencia
2023,19.58,15.02219178082192,24.135342465753425,0.0Ip0.00.00.00.00.00.00.00.00.00.00.00.00.00.00.60.00.00.00.00.00.00.00.00.00.00.0Ip0.00.00.00.00.00.00.03.52.330.20.00.00.00.00.00.00.00.00.00.00.00.00.20.00.00.00.00.0Ip0.00.00.00.00.01.20.00.00.00.00.00.00.00.00.00.00.00.00.00.00.00.00.00.00.00.00.00.00.00.00.00.00.00.00.00.00.00.00.00.00.00.00.00.00.00.00.00.00.00.00.00.00.0Ip0.00.00.00.00.0IpIp0.00.00.00.00.00.00.60.00.0Ip0.2Ip0.3Ip0.50.00.00.54.40.00.00.0Ip14.20.22.20.20.57.00.00.00.00.0Ip0.00.00.00.00.20.20.00.03.40.011.50.00.00.01.20.20.00.07.80.00.00.00.50.00.00.00.00.00.0Ip36.50.00.00.0Ip0.00.00.00.20.00.00.00.00.00.00.00.00.20.0Ip0.00.00.00.00.00.00.00.00.00.00.00.20.00.00.00.00.00.00.00.00.00.00.00.00.00.00.00.00.00.00.00.00.00.020.40.00.00.00.00.00.073.50.50.00.00.00.00.00.00.00.018.40.07.221.00.47.40.021.40.00.00.00.00.00.00.00.00.00.00.00.00.00.00.00.00.00.00.00.00.00.00.00.0IpIp0.00.00.0Ip0.00.00.62.40.00.00.00.00.0Ip0.00.00.00.00.00.00.00.00.00.20.00.00.00.00.00.00.00.00.00.00.00.00.00.00.00.00.00.00.00.00.00.00.00.00.50.00.80.01.90.00.00.00.00.00.00.00.00.00.00.00.00.00.00.00.00.00.00.00.00.00.00.00.0,Valencia
2024,19.873224043715847,15.6827868852459,24.067759562841527,20.50.00.00.00.00.20.20.00.00.00.00.20.20.00.00.00.00.00.00.00.00.00.00.00.00.00.00.00.00.00.00.00.00.00.00.00.00.00.00.00.00.00.00.00.80.00.00.00.00.00.00.00.00.00.00.20.00.00.00.0Ip0.0IpIp15.217.51.40.00.60.00.00.00.0Ip0.00.00.00.021.58.76.512.313.60.20.00.00.00.00.00.00.00.00.00.00.00.00.00.02.80.00.00.00.20.00.00.412.60.20.20.0Ip0.00.015.22.80.015.2Ip23.06.61.30.00.30.00.018.90.00.00.0Ip0.00.00.00.00.08.20.20.00.0Ip0.00.00.00.00.00.00.00.00.00.00.00.00.00.00.03.02.20.00.00.00.00.04.30.20.00.00.00.00.00.00.00.00.00.00.00.00.00.00.0Ip0.00.00.014.00.00.00.00.60.00.00.00.0Ip0.20.00.00.00.00.0Ip0.00.09.10.00.00.00.00.00.00.00.00.00.00.00.00.00.00.00.00.00.00.03.42.00.00.00.00.00.00.81.20.00.00.00.00.0Ip0.00.00.00.80.00.00.00.00.20.00.00.00.01.5Ip3.41.00.00.00.00.00.00.00.00.00.00.00.00.00.04.88.60.00.00.01.50.82.20.00.00.00.00.00.00.00.00.00.00.00.00.00.00.00.00.01.20.00.00.00.00.00.00.20.00.07.39.3IpIp0.00.00.00.00.00.00.00.00.00.0Ip0.00.00.00.00.00.0Ip0.00.00.00.00.00.00.00.00.00.00.53.00.00.00.0Ip0.00.00.03.4Ip5.04.413.80.00.00.00.00.00.00.00.00.00.03.80.10.00.00.0Ip0.020.5,Valencia
